[{"model": "catalog.rangeestimation", "pk": 1, "fields": {"city_cold": 230, "highway_cold": 155, "combined_cold": 190, "city_mild": 315, "highway_mild": 190, "combined_mild": 240}}, {"model": "catalog.rangeestimation", "pk": 2, "fields": {"city_cold": 340, "highway_cold": 230, "combined_cold": 280, "city_mild": 465, "highway_mild": 280, "combined_mild": 355}}, {"model": "catalog.rangeestimation", "pk": 3, "fields": {"city_cold": 500, "highway_cold": 390, "combined_cold": 445, "city_mild": 735, "highway_mild": 500, "combined_mild": 605}}, {"model": "catalog.rangeestimation", "pk": 4, "fields": {"city_cold": 455, "highway_cold": 345, "combined_cold": 400, "city_mild": 655, "highway_mild": 440, "combined_mild": 535}}, {"model": "catalog.rangeestimation", "pk": 5, "fields": {"city_cold": 465, "highway_cold": 345, "combined_cold": 405, "city_mild": 675, "highway_mild": 440, "combined_mild": 540}}, {"model": "catalog.rangeestimation", "pk": 6, "fields": {"city_cold": 470, "highway_cold": 345, "combined_cold": 405, "city_mild": 680, "highway_mild": 440, "combined_mild": 540}}, {"model": "catalog.rangeestimation", "pk": 7, "fields": {"city_cold": 455, "highway_cold": 330, "combined_cold": 390, "city_mild": 660, "highway_mild": 415, "combined_mild": 520}}, {"model": "catalog.rangeestimation", "pk": 8, "fields": {"city_cold": 450, "highway_cold": 320, "combined_cold": 380, "city_mild": 645, "highway_mild": 405, "combined_mild": 505}}, {"model": "catalog.manufacturer", "pk": 1, "fields": {"title": "Mercedes-Benz", "description": null}}, {"model": "catalog.manufacturer", "pk": 2, "fields": {"title": "Lotus", "description": null}}, {"model": "catalog.manufacturer", "pk": 3, "fields": {"title": "Porsche", "description": null}}, {"model": "catalog.manufacturer", "pk": 4, "fields": {"title": "Audi", "description": null}}, {"model": "catalog.architecturebattery", "pk": 1, "fields": {"title": 400}}, {"model": "catalog.architecturebattery", "pk": 2, "fields": {"title": 800}}, {"model": "catalog.cathode", "pk": 1, "fields": {"title": "NCM811"}}, {"model": "catalog.packconfiguration", "pk": 1, "fields": {"title": "96s2p"}}, {"model": "catalog.packconfiguration", "pk": 2, "fields": {"title": "96s3p"}}, {"model": "catalog.packconfiguration", "pk": 3, "fields": {"title": "180s1p"}}, {"model": "catalog.nominalvoltage", "pk": 1, "fields": {"title": 352}}, {"model": "catalog.nominalvoltage", "pk": 2, "fields": {"title": 662}}, {"model": "catalog.battery", "pk": 1, "fields": {"nominal_capacity": "66.00", "usable_capacity": "60.00", "battery_type": null, "number_of_cells": 192, "architecture": 1, "cathode": null, "pack_configuration": 1, "nominal_voltage": 1, "warranty_period": null, "warranty_mileage": null}}, {"model": "catalog.battery", "pk": 2, "fields": {"nominal_capacity": "100.00", "usable_capacity": "90.00", "battery_type": null, "number_of_cells": 288, "architecture": 1, "cathode": null, "pack_configuration": 2, "nominal_voltage": 1, "warranty_period": null, "warranty_mileage": null}}, {"model": "catalog.battery", "pk": 3, "fields": {"nominal_capacity": "102.00", "usable_capacity": "100.00", "battery_type": null, "number_of_cells": null, "architecture": 2, "cathode": null, "pack_configuration": null, "nominal_voltage": null, "warranty_period": null, "warranty_mileage": null}}, {"model": "catalog.battery", "pk": 4, "fields": {"nominal_capacity": "105.00", "usable_capacity": "97.00", "battery_type": null, "number_of_cells": null, "architecture": 2, "cathode": null, "pack_configuration": null, "nominal_voltage": null, "warranty_period": 8, "warranty_mileage": 160000}}, {"model": "catalog.battery", "pk": 5, "fields": {"nominal_capacity": "100.00", "usable_capacity": "94.90", "battery_type": null, "number_of_cells": 180, "architecture": 2, "cathode": 1, "pack_configuration": 3, "nominal_voltage": 2, "warranty_period": null, "warranty_mileage": null}}, {"model": "catalog.accelerationto", "pk": 1, "fields": {"time": "12.0"}}, {"model": "catalog.accelerationto", "pk": 2, "fields": {"time": "12.1"}}, {"model": "catalog.accelerationto", "pk": 3, "fields": {"time": "4.2"}}, {"model": "catalog.accelerationto", "pk": 4, "fields": {"time": "2.8"}}, {"model": "catalog.accelerationto", "pk": 5, "fields": {"time": "2.3"}}, {"model": "catalog.accelerationto", "pk": 6, "fields": {"time": "2.2"}}, {"model": "catalog.accelerationto", "pk": 7, "fields": {"time": "5.9"}}, {"model": "catalog.accelerationto", "pk": 8, "fields": {"time": "4.3"}}, {"model": "catalog.drive", "pk": 1, "fields": {"title": "Front"}}, {"model": "catalog.drive", "pk": 2, "fields": {"title": "AWD"}}, {"model": "catalog.performance", "pk": 1, "fields": {"acceleration_to_100": 1, "top_speed": 160, "electric_range": 215, "total_power": 150, "total_torque": 360, "drive": 1}}, {"model": "catalog.performance", "pk": 2, "fields": {"acceleration_to_100": 2, "top_speed": 160, "electric_range": 320, "total_power": 150, "total_torque": 360, "drive": 1}}, {"model": "catalog.performance", "pk": 3, "fields": {"acceleration_to_100": 3, "top_speed": 250, "electric_range": 530, "total_power": 450, "total_torque": 710, "drive": 2}}, {"model": "catalog.performance", "pk": 4, "fields": {"acceleration_to_100": 4, "top_speed": 256, "electric_range": 470, "total_power": 675, "total_torque": 985, "drive": 2}}, {"model": "catalog.performance", "pk": 5, "fields": {"acceleration_to_100": 5, "top_speed": 290, "electric_range": 475, "total_power": 760, "total_torque": 1340, "drive": 2}}, {"model": "catalog.performance", "pk": 6, "fields": {"acceleration_to_100": 6, "top_speed": 305, "electric_range": 475, "total_power": 760, "total_torque": 1340, "drive": 2}}, {"model": "catalog.performance", "pk": 7, "fields": {"acceleration_to_100": 7, "top_speed": 210, "electric_range": 460, "total_power": 285, "total_torque": null, "drive": 2}}, {"model": "catalog.performance", "pk": 8, "fields": {"acceleration_to_100": 8, "top_speed": 230, "electric_range": 445, "total_power": 380, "total_torque": null, "drive": 2}}, {"model": "catalog.portcharge", "pk": 1, "fields": {"title": "Type 2"}}, {"model": "catalog.portcharge", "pk": 2, "fields": {"title": "CCS"}}, {"model": "catalog.portlocation", "pk": 1, "fields": {"title": "Left Side / Front"}}, {"model": "catalog.portlocation", "pk": 2, "fields": {"title": "Left Side / Rear"}}, {"model": "catalog.portlocation", "pk": 3, "fields": {"title": "Passenger Side / Front"}}, {"model": "catalog.portlocation", "pk": 4, "fields": {"title": "Driver's Side / Front"}}, {"model": "catalog.portlocation", "pk": 5, "fields": {"title": "Right Side / Rear"}}, {"model": "catalog.typeelectric", "pk": 1, "fields": {"title": "AC"}}, {"model": "catalog.typeelectric", "pk": 2, "fields": {"title": "DC"}}, {"model": "catalog.charging", "pk": 1, "fields": {"type_port": 1, "charge_power": "11.00", "type_electric": 1, "charge_time": "06:30:00", "charge_speed": 34, "port_location": [1]}}, {"model": "catalog.charging", "pk": 2, "fields": {"type_port": 2, "charge_power": "60.00", "type_electric": 2, "charge_time": "00:44:00", "charge_speed": 200, "port_location": [1]}}, {"model": "catalog.charging", "pk": 3, "fields": {"type_port": 1, "charge_power": "11.00", "type_electric": 1, "charge_time": "09:45:00", "charge_speed": 33, "port_location": [1]}}, {"model": "catalog.charging", "pk": 4, "fields": {"type_port": 2, "charge_power": "96.00", "type_electric": 2, "charge_time": "00:41:00", "charge_speed": 320, "port_location": [1]}}, {"model": "catalog.charging", "pk": 5, "fields": {"type_port": 1, "charge_power": "22.00", "type_electric": 1, "charge_time": "05:30:00", "charge_speed": 99, "port_location": [2]}}, {"model": "catalog.charging", "pk": 6, "fields": {"type_port": 2, "charge_power": "240.00", "type_electric": 2, "charge_time": "00:18:00", "charge_speed": 1230, "port_location": [2]}}, {"model": "catalog.charging", "pk": 7, "fields": {"type_port": 1, "charge_power": "22.00", "type_electric": 1, "charge_time": "05:30:00", "charge_speed": 88, "port_location": [2]}}, {"model": "catalog.charging", "pk": 8, "fields": {"type_port": 2, "charge_power": "240.00", "type_electric": 2, "charge_time": "00:18:00", "charge_speed": 1090, "port_location": [2]}}, {"model": "catalog.charging", "pk": 9, "fields": {"type_port": 1, "charge_power": "11.00", "type_electric": 1, "charge_time": "10:30:00", "charge_speed": 46, "port_location": [3, 4]}}, {"model": "catalog.charging", "pk": 10, "fields": {"type_port": 2, "charge_power": "230.00", "type_electric": 2, "charge_time": "00:19:00", "charge_speed": 1050, "port_location": [3]}}, {"model": "catalog.charging", "pk": 11, "fields": {"type_port": 1, "charge_power": "11.00", "type_electric": 1, "charge_time": "10:15:00", "charge_speed": 45, "port_location": [2, 5]}}, {"model": "catalog.charging", "pk": 12, "fields": {"type_port": 2, "charge_power": "200.00", "type_electric": 2, "charge_time": "00:21:00", "charge_speed": 920, "port_location": [2]}}, {"model": "catalog.charging", "pk": 13, "fields": {"type_port": 1, "charge_power": "11.00", "type_electric": 1, "charge_time": "10:15:00", "charge_speed": 44, "port_location": [2, 5]}}, {"model": "catalog.charging", "pk": 14, "fields": {"type_port": 2, "charge_power": "200.00", "type_electric": 2, "charge_time": "00:21:00", "charge_speed": 890, "port_location": [2]}}, {"model": "catalog.dimensionsweight", "pk": 1, "fields": {"length": 5370, "width": 1928, "width_with_mirrors": 2244, "height": 1890, "wheelbase": 3430, "weight_unladen": 2517, "gross_weight": 3500, "payload": 1058, "cargo_volume": 1390, "cargo_volume_frunk": 0, "tow_hitch": false}}, {"model": "catalog.dimensionsweight", "pk": 2, "fields": {"length": 5140, "width": 1928, "width_with_mirrors": 2244, "height": 1890, "wheelbase": 3200, "weight_unladen": 2630, "gross_weight": 3500, "payload": 945, "cargo_volume": 990, "cargo_volume_frunk": 0, "tow_hitch": false}}, {"model": "catalog.dimensionsweight", "pk": 3, "fields": {"length": 5139, "width": 2005, "width_with_mirrors": null, "height": 1464, "wheelbase": 3069, "weight_unladen": 2550, "gross_weight": null, "payload": null, "cargo_volume": 509, "cargo_volume_frunk": null, "tow_hitch": false}}, {"model": "catalog.dimensionsweight", "pk": 4, "fields": {"length": 5139, "width": 2005, "width_with_mirrors": null, "height": 1464, "wheelbase": 3069, "weight_unladen": 2650, "gross_weight": null, "payload": null, "cargo_volume": 509, "cargo_volume_frunk": null, "tow_hitch": false}}, {"model": "catalog.dimensionsweight", "pk": 5, "fields": {"length": 4968, "width": 1966, "width_with_mirrors": 2144, "height": 1378, "wheelbase": 2900, "weight_unladen": 2365, "gross_weight": 2710, "payload": 420, "cargo_volume": 326, "cargo_volume_frunk": 84, "tow_hitch": false}}, {"model": "catalog.dimensionsweight", "pk": 6, "fields": {"length": 4968, "width": 1966, "width_with_mirrors": 2144, "height": 1378, "wheelbase": 2900, "weight_unladen": 2295, "gross_weight": 2470, "payload": 250, "cargo_volume": 367, "cargo_volume_frunk": 84, "tow_hitch": false}}, {"model": "catalog.dimensionsweight", "pk": 7, "fields": {"length": 4771, "width": 1939, "width_with_mirrors": 2193, "height": 1685, "wheelbase": 2889, "weight_unladen": 2425, "gross_weight": null, "payload": null, "cargo_volume": 526, "cargo_volume_frunk": 64, "tow_hitch": true}}, {"model": "catalog.dimensionsweight", "pk": 8, "fields": {"length": 4771, "width": 1965, "width_with_mirrors": 2193, "height": 1685, "wheelbase": 2889, "weight_unladen": 2425, "gross_weight": null, "payload": null, "cargo_volume": 526, "cargo_volume_frunk": 64, "tow_hitch": true}}, {"model": "catalog.platform", "pk": 1, "fields": {"title": "VW J1"}}, {"model": "catalog.platform", "pk": 2, "fields": {"title": "VW PPE"}}, {"model": "catalog.carbody", "pk": 1, "fields": {"title": "Small Passenger Van"}}, {"model": "catalog.carbody", "pk": 2, "fields": {"title": "Liftback Sedan"}}, {"model": "catalog.carbody", "pk": 3, "fields": {"title": "Sedan"}}, {"model": "catalog.carbody", "pk": 4, "fields": {"title": "SUV"}}, {"model": "catalog.segment", "pk": 1, "fields": {"title": "Commercial", "char_class": "N"}}, {"model": "catalog.segment", "pk": 2, "fields": {"title": "Luxury", "char_class": "F"}}, {"model": "catalog.segment", "pk": 3, "fields": {"title": "Large", "char_class": "JD"}}, {"model": "catalog.miscellaneous", "pk": 1, "fields": {"seats": 8, "isofix": false, "isofix_count": null, "turning_circle": null, "platform": null, "car_body": 1, "segment": 1, "roof_rails": true, "special_ev_platform": false}}, {"model": "catalog.miscellaneous", "pk": 2, "fields": {"seats": 5, "isofix": false, "isofix_count": null, "turning_circle": null, "platform": null, "car_body": 2, "segment": 2, "roof_rails": false, "special_ev_platform": true}}, {"model": "catalog.miscellaneous", "pk": 3, "fields": {"seats": 5, "isofix": true, "isofix_count": 2, "turning_circle": "11.2", "platform": 1, "car_body": 3, "segment": 2, "roof_rails": false, "special_ev_platform": true}}, {"model": "catalog.miscellaneous", "pk": 4, "fields": {"seats": 2, "isofix": false, "isofix_count": null, "turning_circle": "11.2", "platform": 1, "car_body": 3, "segment": 2, "roof_rails": false, "special_ev_platform": true}}, {"model": "catalog.miscellaneous", "pk": 5, "fields": {"seats": 5, "isofix": false, "isofix_count": null, "turning_circle": null, "platform": 2, "car_body": 4, "segment": 3, "roof_rails": true, "special_ev_platform": true}}, {"model": "catalog.imagecar", "pk": 1, "fields": {"name": "Lotus_Emeya-1", "image": "img/Lotus_Emeya/Lotus_Emeya-1.jpg"}}, {"model": "catalog.imagecar", "pk": 2, "fields": {"name": "Lotus_Emeya-14", "image": "img/Lotus_Emeya/Lotus_Emeya-14.jpg"}}, {"model": "catalog.imagecar", "pk": 3, "fields": {"name": "Lotus_Emeya-15", "image": "img/Lotus_Emeya/Lotus_Emeya-15.jpg"}}, {"model": "catalog.imagecar", "pk": 4, "fields": {"name": "Lotus_Emeya-7", "image": "img/Lotus_Emeya/Lotus_Emeya-7.jpg"}}, {"model": "catalog.imagecar", "pk": 5, "fields": {"name": "Lotus_Emeya-11", "image": "img/Lotus_Emeya/Lotus_Emeya-11.jpg"}}, {"model": "catalog.imagecar", "pk": 6, "fields": {"name": "Lotus_Emeya-8", "image": "img/Lotus_Emeya/Lotus_Emeya-8.jpg"}}, {"model": "catalog.imagecar", "pk": 7, "fields": {"name": "Lotus_Emeya-5", "image": "img/Lotus_Emeya/Lotus_Emeya-5.jpg"}}, {"model": "catalog.imagecar", "pk": 8, "fields": {"name": "Lotus_Emeya-4", "image": "img/Lotus_Emeya/Lotus_Emeya-4.jpg"}}, {"model": "catalog.imagecar", "pk": 9, "fields": {"name": "Lotus_Emeya-9", "image": "img/Lotus_Emeya/Lotus_Emeya-9.jpg"}}, {"model": "catalog.imagecar", "pk": 10, "fields": {"name": "Lotus_Emeya-6", "image": "img/Lotus_Emeya/Lotus_Emeya-6.jpg"}}, {"model": "catalog.imagecar", "pk": 11, "fields": {"name": "Lotus_Emeya-13", "image": "img/Lotus_Emeya/Lotus_Emeya-13.jpg"}}, {"model": "catalog.imagecar", "pk": 12, "fields": {"name": "Lotus_Emeya-12", "image": "img/Lotus_Emeya/Lotus_Emeya-12.jpg"}}, {"model": "catalog.imagecar", "pk": 13, "fields": {"name": "Lotus_Emeya-10", "image": "img/Lotus_Emeya/Lotus_Emeya-10.jpg"}}, {"model": "catalog.imagecar", "pk": 14, "fields": {"name": "Lotus_Emeya-2", "image": "img/Lotus_Emeya/Lotus_Emeya-2.jpg"}}, {"model": "catalog.imagecar", "pk": 15, "fields": {"name": "Lotus_Emeya-3", "image": "img/Lotus_Emeya/Lotus_Emeya-3.jpg"}}, {"model": "catalog.imagecar", "pk": 16, "fields": {"name": "Porsche_Taycan_Turbo_GT_2024-1", "image": "img/Porsche_Taycan_Turbo_GT_2024/Porsche_Taycan_Turbo_GT_2024-1.jpg"}}, {"model": "catalog.imagecar", "pk": 17, "fields": {"name": "Porsche_Taycan_Turbo_GT_2024-5", "image": "img/Porsche_Taycan_Turbo_GT_2024/Porsche_Taycan_Turbo_GT_2024-5.jpg"}}, {"model": "catalog.imagecar", "pk": 18, "fields": {"name": "Porsche_Taycan_Turbo_GT_2024-3", "image": "img/Porsche_Taycan_Turbo_GT_2024/Porsche_Taycan_Turbo_GT_2024-3.jpg"}}, {"model": "catalog.imagecar", "pk": 19, "fields": {"name": "Porsche_Taycan_Turbo_GT_2024-4", "image": "img/Porsche_Taycan_Turbo_GT_2024/Porsche_Taycan_Turbo_GT_2024-4.jpg"}}, {"model": "catalog.imagecar", "pk": 20, "fields": {"name": "Porsche_Taycan_Turbo_GT_2024-2", "image": "img/Porsche_Taycan_Turbo_GT_2024/Porsche_Taycan_Turbo_GT_2024-2.jpg"}}, {"model": "catalog.imagecar", "pk": 21, "fields": {"name": "Audi_SQ6_etron_2024-2", "image": "img/Audi_SQ6_etron_2024/Audi_SQ6_etron_2024-2.jpg"}}, {"model": "catalog.imagecar", "pk": 22, "fields": {"name": "Audi_SQ6_etron_2024-30", "image": "img/Audi_SQ6_etron_2024/Audi_SQ6_etron_2024-30.jpg"}}, {"model": "catalog.imagecar", "pk": 23, "fields": {"name": "Audi_SQ6_etron_2024-50", "image": "img/Audi_SQ6_etron_2024/Audi_SQ6_etron_2024-50.jpg"}}, {"model": "catalog.imagecar", "pk": 24, "fields": {"name": "Audi_SQ6_etron_2024-10", "image": "img/Audi_SQ6_etron_2024/Audi_SQ6_etron_2024-10.jpg"}}, {"model": "catalog.imagecar", "pk": 25, "fields": {"name": "Audi_SQ6_etron_2024-31", "image": "img/Audi_SQ6_etron_2024/Audi_SQ6_etron_2024-31.jpg"}}, {"model": "catalog.imagecar", "pk": 26, "fields": {"name": "Audi_SQ6_etron_2024-46", "image": "img/Audi_SQ6_etron_2024/Audi_SQ6_etron_2024-46.jpg"}}, {"model": "catalog.imagecar", "pk": 27, "fields": {"name": "Audi_SQ6_etron_2024-34", "image": "img/Audi_SQ6_etron_2024/Audi_SQ6_etron_2024-34.jpg"}}, {"model": "catalog.imagecar", "pk": 28, "fields": {"name": "Audi_SQ6_etron_2024-13", "image": "img/Audi_SQ6_etron_2024/Audi_SQ6_etron_2024-13.jpg"}}, {"model": "catalog.imagecar", "pk": 29, "fields": {"name": "Audi_SQ6_etron_2024-5", "image": "img/Audi_SQ6_etron_2024/Audi_SQ6_etron_2024-5.jpg"}}, {"model": "catalog.imagecar", "pk": 30, "fields": {"name": "Audi_SQ6_etron_2024-41", "image": "img/Audi_SQ6_etron_2024/Audi_SQ6_etron_2024-41.jpg"}}, {"model": "catalog.imagecar", "pk": 31, "fields": {"name": "Audi_SQ6_etron_2024-52", "image": "img/Audi_SQ6_etron_2024/Audi_SQ6_etron_2024-52.jpg"}}, {"model": "catalog.imagecar", "pk": 32, "fields": {"name": "Audi_SQ6_etron_2024-47", "image": "img/Audi_SQ6_etron_2024/Audi_SQ6_etron_2024-47.jpg"}}, {"model": "catalog.imagecar", "pk": 33, "fields": {"name": "Audi_SQ6_etron_2024-40", "image": "img/Audi_SQ6_etron_2024/Audi_SQ6_etron_2024-40.jpg"}}, {"model": "catalog.imagecar", "pk": 34, "fields": {"name": "Audi_SQ6_etron_2024-44", "image": "img/Audi_SQ6_etron_2024/Audi_SQ6_etron_2024-44.jpg"}}, {"model": "catalog.imagecar", "pk": 35, "fields": {"name": "Audi_SQ6_etron_2024-6", "image": "img/Audi_SQ6_etron_2024/Audi_SQ6_etron_2024-6.jpg"}}, {"model": "catalog.imagecar", "pk": 36, "fields": {"name": "Audi_SQ6_etron_2024-35", "image": "img/Audi_SQ6_etron_2024/Audi_SQ6_etron_2024-35.jpg"}}, {"model": "catalog.imagecar", "pk": 37, "fields": {"name": "Audi_SQ6_etron_2024-21", "image": "img/Audi_SQ6_etron_2024/Audi_SQ6_etron_2024-21.jpg"}}, {"model": "catalog.imagecar", "pk": 38, "fields": {"name": "Audi_SQ6_etron_2024-25", "image": "img/Audi_SQ6_etron_2024/Audi_SQ6_etron_2024-25.jpg"}}, {"model": "catalog.imagecar", "pk": 39, "fields": {"name": "Audi_SQ6_etron_2024-29", "image": "img/Audi_SQ6_etron_2024/Audi_SQ6_etron_2024-29.jpg"}}, {"model": "catalog.imagecar", "pk": 40, "fields": {"name": "Audi_SQ6_etron_2024-20", "image": "img/Audi_SQ6_etron_2024/Audi_SQ6_etron_2024-20.jpg"}}, {"model": "catalog.imagecar", "pk": 41, "fields": {"name": "Audi_SQ6_etron_2024-11", "image": "img/Audi_SQ6_etron_2024/Audi_SQ6_etron_2024-11.jpg"}}, {"model": "catalog.imagecar", "pk": 42, "fields": {"name": "Audi_SQ6_etron_2024-48", "image": "img/Audi_SQ6_etron_2024/Audi_SQ6_etron_2024-48.jpg"}}, {"model": "catalog.imagecar", "pk": 43, "fields": {"name": "Audi_SQ6_etron_2024-27", "image": "img/Audi_SQ6_etron_2024/Audi_SQ6_etron_2024-27.jpg"}}, {"model": "catalog.imagecar", "pk": 44, "fields": {"name": "Audi_SQ6_etron_2024-38", "image": "img/Audi_SQ6_etron_2024/Audi_SQ6_etron_2024-38.jpg"}}, {"model": "catalog.imagecar", "pk": 45, "fields": {"name": "Audi_SQ6_etron_2024-51", "image": "img/Audi_SQ6_etron_2024/Audi_SQ6_etron_2024-51.jpg"}}, {"model": "catalog.imagecar", "pk": 46, "fields": {"name": "Audi_SQ6_etron_2024-17", "image": "img/Audi_SQ6_etron_2024/Audi_SQ6_etron_2024-17.jpg"}}, {"model": "catalog.imagecar", "pk": 47, "fields": {"name": "Audi_SQ6_etron_2024-49", "image": "img/Audi_SQ6_etron_2024/Audi_SQ6_etron_2024-49.jpg"}}, {"model": "catalog.imagecar", "pk": 48, "fields": {"name": "Audi_SQ6_etron_2024-28", "image": "img/Audi_SQ6_etron_2024/Audi_SQ6_etron_2024-28.jpg"}}, {"model": "catalog.imagecar", "pk": 49, "fields": {"name": "Audi_SQ6_etron_2024-8", "image": "img/Audi_SQ6_etron_2024/Audi_SQ6_etron_2024-8.jpg"}}, {"model": "catalog.imagecar", "pk": 50, "fields": {"name": "Audi_SQ6_etron_2024-23", "image": "img/Audi_SQ6_etron_2024/Audi_SQ6_etron_2024-23.jpg"}}, {"model": "catalog.imagecar", "pk": 51, "fields": {"name": "Audi_SQ6_etron_2024-22", "image": "img/Audi_SQ6_etron_2024/Audi_SQ6_etron_2024-22.jpg"}}, {"model": "catalog.imagecar", "pk": 52, "fields": {"name": "Audi_SQ6_etron_2024-18", "image": "img/Audi_SQ6_etron_2024/Audi_SQ6_etron_2024-18.jpg"}}, {"model": "catalog.imagecar", "pk": 53, "fields": {"name": "Audi_SQ6_etron_2024-37", "image": "img/Audi_SQ6_etron_2024/Audi_SQ6_etron_2024-37.jpg"}}, {"model": "catalog.imagecar", "pk": 54, "fields": {"name": "Audi_SQ6_etron_2024-12", "image": "img/Audi_SQ6_etron_2024/Audi_SQ6_etron_2024-12.jpg"}}, {"model": "catalog.imagecar", "pk": 55, "fields": {"name": "Audi_SQ6_etron_2024-1", "image": "img/Audi_SQ6_etron_2024/Audi_SQ6_etron_2024-1.jpg"}}, {"model": "catalog.imagecar", "pk": 56, "fields": {"name": "Audi_SQ6_etron_2024-36", "image": "img/Audi_SQ6_etron_2024/Audi_SQ6_etron_2024-36.jpg"}}, {"model": "catalog.imagecar", "pk": 57, "fields": {"name": "Audi_SQ6_etron_2024-43", "image": "img/Audi_SQ6_etron_2024/Audi_SQ6_etron_2024-43.jpg"}}, {"model": "catalog.imagecar", "pk": 58, "fields": {"name": "Audi_SQ6_etron_2024-14", "image": "img/Audi_SQ6_etron_2024/Audi_SQ6_etron_2024-14.jpg"}}, {"model": "catalog.imagecar", "pk": 59, "fields": {"name": "Audi_SQ6_etron_2024-45", "image": "img/Audi_SQ6_etron_2024/Audi_SQ6_etron_2024-45.jpg"}}, {"model": "catalog.imagecar", "pk": 60, "fields": {"name": "Audi_SQ6_etron_2024-24", "image": "img/Audi_SQ6_etron_2024/Audi_SQ6_etron_2024-24.jpg"}}, {"model": "catalog.imagecar", "pk": 61, "fields": {"name": "Audi_SQ6_etron_2024-32", "image": "img/Audi_SQ6_etron_2024/Audi_SQ6_etron_2024-32.jpg"}}, {"model": "catalog.imagecar", "pk": 62, "fields": {"name": "Audi_SQ6_etron_2024-26", "image": "img/Audi_SQ6_etron_2024/Audi_SQ6_etron_2024-26.jpg"}}, {"model": "catalog.imagecar", "pk": 63, "fields": {"name": "Audi_SQ6_etron_2024-33", "image": "img/Audi_SQ6_etron_2024/Audi_SQ6_etron_2024-33.jpg"}}, {"model": "catalog.imagecar", "pk": 64, "fields": {"name": "Audi_SQ6_etron_2024-15", "image": "img/Audi_SQ6_etron_2024/Audi_SQ6_etron_2024-15.jpg"}}, {"model": "catalog.imagecar", "pk": 65, "fields": {"name": "Audi_SQ6_etron_2024-19", "image": "img/Audi_SQ6_etron_2024/Audi_SQ6_etron_2024-19.jpg"}}, {"model": "catalog.imagecar", "pk": 66, "fields": {"name": "Audi_SQ6_etron_2024-42", "image": "img/Audi_SQ6_etron_2024/Audi_SQ6_etron_2024-42.jpg"}}, {"model": "catalog.imagecar", "pk": 67, "fields": {"name": "Audi_SQ6_etron_2024-16", "image": "img/Audi_SQ6_etron_2024/Audi_SQ6_etron_2024-16.jpg"}}, {"model": "catalog.imagecar", "pk": 68, "fields": {"name": "Audi_SQ6_etron_2024-9", "image": "img/Audi_SQ6_etron_2024/Audi_SQ6_etron_2024-9.jpg"}}, {"model": "catalog.imagecar", "pk": 69, "fields": {"name": "Audi_SQ6_etron_2024-7", "image": "img/Audi_SQ6_etron_2024/Audi_SQ6_etron_2024-7.jpg"}}, {"model": "catalog.imagecar", "pk": 70, "fields": {"name": "Audi_SQ6_etron_2024-4", "image": "img/Audi_SQ6_etron_2024/Audi_SQ6_etron_2024-4.jpg"}}, {"model": "catalog.imagecar", "pk": 71, "fields": {"name": "Audi_SQ6_etron_2024-39", "image": "img/Audi_SQ6_etron_2024/Audi_SQ6_etron_2024-39.jpg"}}, {"model": "catalog.imagecar", "pk": 72, "fields": {"name": "Audi_SQ6_etron_2024-3", "image": "img/Audi_SQ6_etron_2024/Audi_SQ6_etron_2024-3.jpg"}}, {"model": "catalog.imagecar", "pk": 73, "fields": {"name": "Mercedes_eVito_2024-6", "image": "img/Mercedes_eVito_2024/Mercedes_eVito_2024-6.jpg"}}, {"model": "catalog.imagecar", "pk": 74, "fields": {"name": "Mercedes_eVito_2024-5", "image": "img/Mercedes_eVito_2024/Mercedes_eVito_2024-5.jpg"}}, {"model": "catalog.imagecar", "pk": 75, "fields": {"name": "Mercedes_eVito_2024-9", "image": "img/Mercedes_eVito_2024/Mercedes_eVito_2024-9.jpg"}}, {"model": "catalog.imagecar", "pk": 76, "fields": {"name": "Mercedes_eVito_2024-8", "image": "img/Mercedes_eVito_2024/Mercedes_eVito_2024-8.jpg"}}, {"model": "catalog.imagecar", "pk": 77, "fields": {"name": "Mercedes_eVito_2024-7", "image": "img/Mercedes_eVito_2024/Mercedes_eVito_2024-7.jpg"}}, {"model": "catalog.imagecar", "pk": 78, "fields": {"name": "Mercedes_eVito_2024-3", "image": "img/Mercedes_eVito_2024/Mercedes_eVito_2024-3.jpg"}}, {"model": "catalog.imagecar", "pk": 79, "fields": {"name": "Mercedes_eVito_2024-4", "image": "img/Mercedes_eVito_2024/Mercedes_eVito_2024-4.jpg"}}, {"model": "catalog.imagecar", "pk": 80, "fields": {"name": "Mercedes_eVito_2024-2", "image": "img/Mercedes_eVito_2024/Mercedes_eVito_2024-2.jpg"}}, {"model": "catalog.imagecar", "pk": 81, "fields": {"name": "Mercedes_eVito_2024-1", "image": "img/Mercedes_eVito_2024/Mercedes_eVito_2024-1.jpg"}}, {"model": "catalog.imagecar", "pk": 82, "fields": {"name": "Audi_Q6_etron_2024-10", "image": "img/Audi_Q6_etron_2024/Audi_Q6_etron_2024-10.jpg"}}, {"model": "catalog.imagecar", "pk": 83, "fields": {"name": "Audi_Q6_etron_2024-3", "image": "img/Audi_Q6_etron_2024/Audi_Q6_etron_2024-3.jpg"}}, {"model": "catalog.imagecar", "pk": 84, "fields": {"name": "Audi_Q6_etron_2024-18", "image": "img/Audi_Q6_etron_2024/Audi_Q6_etron_2024-18.jpg"}}, {"model": "catalog.imagecar", "pk": 85, "fields": {"name": "Audi_Q6_etron_2024-7", "image": "img/Audi_Q6_etron_2024/Audi_Q6_etron_2024-7.jpg"}}, {"model": "catalog.imagecar", "pk": 86, "fields": {"name": "Audi_Q6_etron_2024-34", "image": "img/Audi_Q6_etron_2024/Audi_Q6_etron_2024-34.jpg"}}, {"model": "catalog.imagecar", "pk": 87, "fields": {"name": "Audi_Q6_etron_2024-36", "image": "img/Audi_Q6_etron_2024/Audi_Q6_etron_2024-36.jpg"}}, {"model": "catalog.imagecar", "pk": 88, "fields": {"name": "Audi_Q6_etron_2024-24", "image": "img/Audi_Q6_etron_2024/Audi_Q6_etron_2024-24.jpg"}}, {"model": "catalog.imagecar", "pk": 89, "fields": {"name": "Audi_Q6_etron_2024-37", "image": "img/Audi_Q6_etron_2024/Audi_Q6_etron_2024-37.jpg"}}, {"model": "catalog.imagecar", "pk": 90, "fields": {"name": "Audi_Q6_etron_2024-26", "image": "img/Audi_Q6_etron_2024/Audi_Q6_etron_2024-26.jpg"}}, {"model": "catalog.imagecar", "pk": 91, "fields": {"name": "Audi_Q6_etron_2024-28", "image": "img/Audi_Q6_etron_2024/Audi_Q6_etron_2024-28.jpg"}}, {"model": "catalog.imagecar", "pk": 92, "fields": {"name": "Audi_Q6_etron_2024-1", "image": "img/Audi_Q6_etron_2024/Audi_Q6_etron_2024-1.jpg"}}, {"model": "catalog.imagecar", "pk": 93, "fields": {"name": "Audi_Q6_etron_2024-30", "image": "img/Audi_Q6_etron_2024/Audi_Q6_etron_2024-30.jpg"}}, {"model": "catalog.imagecar", "pk": 94, "fields": {"name": "Audi_Q6_etron_2024-8", "image": "img/Audi_Q6_etron_2024/Audi_Q6_etron_2024-8.jpg"}}, {"model": "catalog.imagecar", "pk": 95, "fields": {"name": "Audi_Q6_etron_2024-17", "image": "img/Audi_Q6_etron_2024/Audi_Q6_etron_2024-17.jpg"}}, {"model": "catalog.imagecar", "pk": 96, "fields": {"name": "Audi_Q6_etron_2024-12", "image": "img/Audi_Q6_etron_2024/Audi_Q6_etron_2024-12.jpg"}}, {"model": "catalog.imagecar", "pk": 97, "fields": {"name": "Audi_Q6_etron_2024-4", "image": "img/Audi_Q6_etron_2024/Audi_Q6_etron_2024-4.jpg"}}, {"model": "catalog.imagecar", "pk": 98, "fields": {"name": "Audi_Q6_etron_2024-23", "image": "img/Audi_Q6_etron_2024/Audi_Q6_etron_2024-23.jpg"}}, {"model": "catalog.imagecar", "pk": 99, "fields": {"name": "Audi_Q6_etron_2024-13", "image": "img/Audi_Q6_etron_2024/Audi_Q6_etron_2024-13.jpg"}}, {"model": "catalog.imagecar", "pk": 100, "fields": {"name": "Audi_Q6_etron_2024-22", "image": "img/Audi_Q6_etron_2024/Audi_Q6_etron_2024-22.jpg"}}, {"model": "catalog.imagecar", "pk": 101, "fields": {"name": "Audi_Q6_etron_2024-5", "image": "img/Audi_Q6_etron_2024/Audi_Q6_etron_2024-5.jpg"}}, {"model": "catalog.imagecar", "pk": 102, "fields": {"name": "Audi_Q6_etron_2024-11", "image": "img/Audi_Q6_etron_2024/Audi_Q6_etron_2024-11.jpg"}}, {"model": "catalog.imagecar", "pk": 103, "fields": {"name": "Audi_Q6_etron_2024-25", "image": "img/Audi_Q6_etron_2024/Audi_Q6_etron_2024-25.jpg"}}, {"model": "catalog.imagecar", "pk": 104, "fields": {"name": "Audi_Q6_etron_2024-9", "image": "img/Audi_Q6_etron_2024/Audi_Q6_etron_2024-9.jpg"}}, {"model": "catalog.imagecar", "pk": 105, "fields": {"name": "Audi_Q6_etron_2024-31", "image": "img/Audi_Q6_etron_2024/Audi_Q6_etron_2024-31.jpg"}}, {"model": "catalog.imagecar", "pk": 106, "fields": {"name": "Audi_Q6_etron_2024-15", "image": "img/Audi_Q6_etron_2024/Audi_Q6_etron_2024-15.jpg"}}, {"model": "catalog.imagecar", "pk": 107, "fields": {"name": "Audi_Q6_etron_2024-19", "image": "img/Audi_Q6_etron_2024/Audi_Q6_etron_2024-19.jpg"}}, {"model": "catalog.imagecar", "pk": 108, "fields": {"name": "Audi_Q6_etron_2024-32", "image": "img/Audi_Q6_etron_2024/Audi_Q6_etron_2024-32.jpg"}}, {"model": "catalog.imagecar", "pk": 109, "fields": {"name": "Audi_Q6_etron_2024-2", "image": "img/Audi_Q6_etron_2024/Audi_Q6_etron_2024-2.jpg"}}, {"model": "catalog.imagecar", "pk": 110, "fields": {"name": "Audi_Q6_etron_2024-6", "image": "img/Audi_Q6_etron_2024/Audi_Q6_etron_2024-6.jpg"}}, {"model": "catalog.imagecar", "pk": 111, "fields": {"name": "Audi_Q6_etron_2024-33", "image": "img/Audi_Q6_etron_2024/Audi_Q6_etron_2024-33.jpg"}}, {"model": "catalog.imagecar", "pk": 112, "fields": {"name": "Audi_Q6_etron_2024-20", "image": "img/Audi_Q6_etron_2024/Audi_Q6_etron_2024-20.jpg"}}, {"model": "catalog.imagecar", "pk": 113, "fields": {"name": "Audi_Q6_etron_2024-27", "image": "img/Audi_Q6_etron_2024/Audi_Q6_etron_2024-27.jpg"}}, {"model": "catalog.imagecar", "pk": 114, "fields": {"name": "Audi_Q6_etron_2024-35", "image": "img/Audi_Q6_etron_2024/Audi_Q6_etron_2024-35.jpg"}}, {"model": "catalog.imagecar", "pk": 115, "fields": {"name": "Audi_Q6_etron_2024-29", "image": "img/Audi_Q6_etron_2024/Audi_Q6_etron_2024-29.jpg"}}, {"model": "catalog.imagecar", "pk": 116, "fields": {"name": "Audi_Q6_etron_2024-21", "image": "img/Audi_Q6_etron_2024/Audi_Q6_etron_2024-21.jpg"}}, {"model": "catalog.imagecar", "pk": 117, "fields": {"name": "Audi_Q6_etron_2024-14", "image": "img/Audi_Q6_etron_2024/Audi_Q6_etron_2024-14.jpg"}}, {"model": "catalog.imagecar", "pk": 118, "fields": {"name": "Audi_Q6_etron_2024-16", "image": "img/Audi_Q6_etron_2024/Audi_Q6_etron_2024-16.jpg"}}, {"model": "catalog.imagecar", "pk": 119, "fields": {"name": "Porsche_Taycan_Turbo_GT_Weissach_2024-5", "image": "img/Porsche_Taycan_Turbo_GT_Weissach_2024/Porsche_Taycan_Turbo_GT_Weissach_2024-5.jpg"}}, {"model": "catalog.imagecar", "pk": 120, "fields": {"name": "Porsche_Taycan_Turbo_GT_Weissach_2024-10", "image": "img/Porsche_Taycan_Turbo_GT_Weissach_2024/Porsche_Taycan_Turbo_GT_Weissach_2024-10.jpg"}}, {"model": "catalog.imagecar", "pk": 121, "fields": {"name": "Porsche_Taycan_Turbo_GT_Weissach_2024-6", "image": "img/Porsche_Taycan_Turbo_GT_Weissach_2024/Porsche_Taycan_Turbo_GT_Weissach_2024-6.jpg"}}, {"model": "catalog.imagecar", "pk": 122, "fields": {"name": "Porsche_Taycan_Turbo_GT_Weissach_2024-9", "image": "img/Porsche_Taycan_Turbo_GT_Weissach_2024/Porsche_Taycan_Turbo_GT_Weissach_2024-9.jpg"}}, {"model": "catalog.imagecar", "pk": 123, "fields": {"name": "Porsche_Taycan_Turbo_GT_Weissach_2024-1", "image": "img/Porsche_Taycan_Turbo_GT_Weissach_2024/Porsche_Taycan_Turbo_GT_Weissach_2024-1.jpg"}}, {"model": "catalog.imagecar", "pk": 124, "fields": {"name": "Porsche_Taycan_Turbo_GT_Weissach_2024-12", "image": "img/Porsche_Taycan_Turbo_GT_Weissach_2024/Porsche_Taycan_Turbo_GT_Weissach_2024-12.jpg"}}, {"model": "catalog.imagecar", "pk": 125, "fields": {"name": "Porsche_Taycan_Turbo_GT_Weissach_2024-14", "image": "img/Porsche_Taycan_Turbo_GT_Weissach_2024/Porsche_Taycan_Turbo_GT_Weissach_2024-14.jpg"}}, {"model": "catalog.imagecar", "pk": 126, "fields": {"name": "Porsche_Taycan_Turbo_GT_Weissach_2024-4", "image": "img/Porsche_Taycan_Turbo_GT_Weissach_2024/Porsche_Taycan_Turbo_GT_Weissach_2024-4.jpg"}}, {"model": "catalog.imagecar", "pk": 127, "fields": {"name": "Porsche_Taycan_Turbo_GT_Weissach_2024-16", "image": "img/Porsche_Taycan_Turbo_GT_Weissach_2024/Porsche_Taycan_Turbo_GT_Weissach_2024-16.jpg"}}, {"model": "catalog.imagecar", "pk": 128, "fields": {"name": "Porsche_Taycan_Turbo_GT_Weissach_2024-7", "image": "img/Porsche_Taycan_Turbo_GT_Weissach_2024/Porsche_Taycan_Turbo_GT_Weissach_2024-7.jpg"}}, {"model": "catalog.imagecar", "pk": 129, "fields": {"name": "Porsche_Taycan_Turbo_GT_Weissach_2024-17", "image": "img/Porsche_Taycan_Turbo_GT_Weissach_2024/Porsche_Taycan_Turbo_GT_Weissach_2024-17.jpg"}}, {"model": "catalog.imagecar", "pk": 130, "fields": {"name": "Porsche_Taycan_Turbo_GT_Weissach_2024-15", "image": "img/Porsche_Taycan_Turbo_GT_Weissach_2024/Porsche_Taycan_Turbo_GT_Weissach_2024-15.jpg"}}, {"model": "catalog.imagecar", "pk": 131, "fields": {"name": "Porsche_Taycan_Turbo_GT_Weissach_2024-3", "image": "img/Porsche_Taycan_Turbo_GT_Weissach_2024/Porsche_Taycan_Turbo_GT_Weissach_2024-3.jpg"}}, {"model": "catalog.imagecar", "pk": 132, "fields": {"name": "Porsche_Taycan_Turbo_GT_Weissach_2024-11", "image": "img/Porsche_Taycan_Turbo_GT_Weissach_2024/Porsche_Taycan_Turbo_GT_Weissach_2024-11.jpg"}}, {"model": "catalog.imagecar", "pk": 133, "fields": {"name": "Porsche_Taycan_Turbo_GT_Weissach_2024-13", "image": "img/Porsche_Taycan_Turbo_GT_Weissach_2024/Porsche_Taycan_Turbo_GT_Weissach_2024-13.jpg"}}, {"model": "catalog.imagecar", "pk": 134, "fields": {"name": "Porsche_Taycan_Turbo_GT_Weissach_2024-2", "image": "img/Porsche_Taycan_Turbo_GT_Weissach_2024/Porsche_Taycan_Turbo_GT_Weissach_2024-2.jpg"}}, {"model": "catalog.imagecar", "pk": 135, "fields": {"name": "Porsche_Taycan_Turbo_GT_Weissach_2024-8", "image": "img/Porsche_Taycan_Turbo_GT_Weissach_2024/Porsche_Taycan_Turbo_GT_Weissach_2024-8.jpg"}}, {"model": "catalog.car", "pk": 1, "fields": {"title": "Mercedes-Benz eVito Tourer Extra-Long 60 kWh 2024", "slug": "mercedes-benz-evito-tourer-extra-long-60-kwh-2024-215", "description": "\nMercedes-Benz eVito Tourer Extra-Long 60 kWh - это Commercial разработанный Mercedes-Benz\nна платформе None\nПоколение 2024\nразгоняется до 100км/ч за 12.0 c..\nДальность хода на одном заряде ~ 215 км. ", "manufacturer": 1, "performance": 1, "battery": 1, "charging": 1, "charging_fast": 2, "real_range_estimation": 1, "dimensions_weight": 1, "miscellaneous": 1, "view_count": 0, "year_release": 2024, "year_until": null, "preceding_car": null, "article": 2139, "images": [73, 74, 75, 76, 77, 78, 79, 80, 81], "video_youtube": []}}, {"model": "catalog.car", "pk": 2, "fields": {"title": "Mercedes-Benz eVito Tourer Long 90 kWh 2024", "slug": "mercedes-benz-evito-tourer-long-90-kwh-2024-320", "description": "\nMercedes-Benz eVito Tourer Long 90 kWh - это Commercial разработанный Mercedes-Benz\nна платформе None\nПоколение 2024\nразгоняется до 100км/ч за 12.1 c..\nДальность хода на одном заряде ~ 320 км. ", "manufacturer": 1, "performance": 2, "battery": 2, "charging": 3, "charging_fast": 4, "real_range_estimation": 2, "dimensions_weight": 2, "miscellaneous": 1, "view_count": 0, "year_release": 2024, "year_until": null, "preceding_car": null, "article": 2140, "images": [73, 74, 75, 76, 77, 78, 79, 80, 81], "video_youtube": []}}, {"model": "catalog.car", "pk": 3, "fields": {"title": "Lotus Emeya 2024", "slug": "lotus-emeya-2024-530", "description": "\nLotus Emeya - это Luxury разработанный Lotus\nна платформе None\nПоколение 2024\nразгоняется до 100км/ч за 4.2 c..\nДальность хода на одном заряде ~ 530 км. ", "manufacturer": 2, "performance": 3, "battery": 3, "charging": 5, "charging_fast": 6, "real_range_estimation": 3, "dimensions_weight": 3, "miscellaneous": 2, "view_count": 0, "year_release": 2024, "year_until": null, "preceding_car": null, "article": 2141, "images": [1, 2, 3, 4, 5, 6, 7, 8, 9, 10, 11, 12, 13, 14, 15], "video_youtube": []}}, {"model": "catalog.car", "pk": 4, "fields": {"title": "Lotus Emeya S 2024", "slug": "lotus-emeya-s-2024-530", "description": "\nLotus Emeya S - это Luxury разработанный Lotus\nна платформе None\nПоколение 2024\nразгоняется до 100км/ч за 4.2 c..\nДальность хода на одном заряде ~ 530 км. ", "manufacturer": 2, "performance": 3, "battery": 3, "charging": 5, "charging_fast": 6, "real_range_estimation": 3, "dimensions_weight": 3, "miscellaneous": 2, "view_count": 0, "year_release": 2024, "year_until": null, "preceding_car": null, "article": 2142, "images": [1, 2, 3, 4, 5, 6, 7, 8, 9, 10, 11, 12, 13, 14, 15], "video_youtube": []}}, {"model": "catalog.car", "pk": 5, "fields": {"title": "Lotus Emeya R 2024", "slug": "lotus-emeya-r-2024-470", "description": "\nLotus Emeya R - это Luxury разработанный Lotus\nна платформе None\nПоколение 2024\nразгоняется до 100км/ч за 2.8 c..\nДальность хода на одном заряде ~ 470 км. ", "manufacturer": 2, "performance": 4, "battery": 3, "charging": 7, "charging_fast": 8, "real_range_estimation": 4, "dimensions_weight": 4, "miscellaneous": 2, "view_count": 0, "year_release": 2024, "year_until": null, "preceding_car": null, "article": 2143, "images": [1, 2, 3, 4, 5, 6, 7, 8, 9, 10, 11, 12, 13, 14, 15], "video_youtube": []}}, {"model": "catalog.car", "pk": 6, "fields": {"title": "Porsche Taycan Turbo GT 2024", "slug": "porsche-taycan-turbo-gt-2024-475", "description": "\nPorsche Taycan Turbo GT - это Luxury разработанный Porsche\nна платформе VW J1\nПоколение 2024\nразгоняется до 100км/ч за 2.3 c..\nДальность хода на одном заряде ~ 475 км. ", "manufacturer": 3, "performance": 5, "battery": 4, "charging": 9, "charging_fast": 10, "real_range_estimation": 5, "dimensions_weight": 5, "miscellaneous": 3, "view_count": 0, "year_release": 2024, "year_until": null, "preceding_car": null, "article": 2144, "images": [16, 17, 18, 19, 20], "video_youtube": []}}, {"model": "catalog.car", "pk": 7, "fields": {"title": "Porsche Taycan Turbo GT Weissach 2024", "slug": "porsche-taycan-turbo-gt-weissach-2024-475", "description": "\nPorsche Taycan Turbo GT Weissach - это Luxury разработанный Porsche\nна платформе VW J1\nПоколение 2024\nразгоняется до 100км/ч за 2.2 c..\nДальность хода на одном заряде ~ 475 км. ", "manufacturer": 3, "performance": 6, "battery": 4, "charging": 9, "charging_fast": 10, "real_range_estimation": 6, "dimensions_weight": 6, "miscellaneous": 4, "view_count": 0, "year_release": 2024, "year_until": null, "preceding_car": null, "article": 2145, "images": [119, 120, 121, 122, 123, 124, 125, 126, 127, 128, 129, 130, 131, 132, 133, 134, 135], "video_youtube": []}}, {"model": "catalog.car", "pk": 8, "fields": {"title": "Audi Q6 e-tron quattro 2024", "slug": "audi-q6-e-tron-quattro-2024-460", "description": "\nAudi Q6 e-tron quattro - это Large разработанный Audi\nна платформе VW PPE\nПоколение 2024\nразгоняется до 100км/ч за 5.9 c..\nДальность хода на одном заряде ~ 460 км. ", "manufacturer": 4, "performance": 7, "battery": 5, "charging": 11, "charging_fast": 12, "real_range_estimation": 7, "dimensions_weight": 7, "miscellaneous": 5, "view_count": 0, "year_release": 2024, "year_until": null, "preceding_car": null, "article": 2146, "images": [82, 83, 84, 85, 86, 87, 88, 89, 90, 91, 92, 93, 94, 95, 96, 97, 98, 99, 100, 101, 102, 103, 104, 105, 106, 107, 108, 109, 110, 111, 112, 113, 114, 115, 116, 117, 118], "video_youtube": []}}, {"model": "catalog.car", "pk": 9, "fields": {"title": "Audi SQ6 e-tron 2024", "slug": "audi-sq6-e-tron-2024-445", "description": "\nAudi SQ6 e-tron - это Large разработанный Audi\nна платформе VW PPE\nПоколение 2024\nразгоняется до 100км/ч за 4.3 c..\nДальность хода на одном заряде ~ 445 км. ", "manufacturer": 4, "performance": 8, "battery": 5, "charging": 13, "charging_fast": 14, "real_range_estimation": 8, "dimensions_weight": 8, "miscellaneous": 5, "view_count": 0, "year_release": 2024, "year_until": null, "preceding_car": null, "article": 2147, "images": [21, 22, 23, 24, 25, 26, 27, 28, 29, 30, 31, 32, 33, 34, 35, 36, 37, 38, 39, 40, 41, 42, 43, 44, 45, 46, 47, 48, 49, 50, 51, 52, 53, 54, 55, 56, 57, 58, 59, 60, 61, 62, 63, 64, 65, 66, 67, 68, 69, 70, 71, 72], "video_youtube": []}}, {"model": "auth.permission", "pk": 1, "fields": {"name": "Can add время разгона", "content_type": 1, "codename": "add_accelerationto"}}, {"model": "auth.permission", "pk": 2, "fields": {"name": "Can change время разгона", "content_type": 1, "codename": "change_accelerationto"}}, {"model": "auth.permission", "pk": 3, "fields": {"name": "Can delete время разгона", "content_type": 1, "codename": "delete_accelerationto"}}, {"model": "auth.permission", "pk": 4, "fields": {"name": "Can view время разгона", "content_type": 1, "codename": "view_accelerationto"}}, {"model": "auth.permission", "pk": 5, "fields": {"name": "Can add Архитектура батареи", "content_type": 2, "codename": "add_architecturebattery"}}, {"model": "auth.permission", "pk": 6, "fields": {"name": "Can change Архитектура батареи", "content_type": 2, "codename": "change_architecturebattery"}}, {"model": "auth.permission", "pk": 7, "fields": {"name": "Can delete Архитектура батареи", "content_type": 2, "codename": "delete_architecturebattery"}}, {"model": "auth.permission", "pk": 8, "fields": {"name": "Can view Архитектура батареи", "content_type": 2, "codename": "view_architecturebattery"}}, {"model": "auth.permission", "pk": 9, "fields": {"name": "Can add Тип батареи", "content_type": 3, "codename": "add_batterytype"}}, {"model": "auth.permission", "pk": 10, "fields": {"name": "Can change Тип батареи", "content_type": 3, "codename": "change_batterytype"}}, {"model": "auth.permission", "pk": 11, "fields": {"name": "Can delete Тип батареи", "content_type": 3, "codename": "delete_batterytype"}}, {"model": "auth.permission", "pk": 12, "fields": {"name": "Can view Тип батареи", "content_type": 3, "codename": "view_batterytype"}}, {"model": "auth.permission", "pk": 13, "fields": {"name": "Can add тип электричества", "content_type": 4, "codename": "add_carbody"}}, {"model": "auth.permission", "pk": 14, "fields": {"name": "Can change тип электричества", "content_type": 4, "codename": "change_carbody"}}, {"model": "auth.permission", "pk": 15, "fields": {"name": "Can delete тип электричества", "content_type": 4, "codename": "delete_carbody"}}, {"model": "auth.permission", "pk": 16, "fields": {"name": "Can view тип электричества", "content_type": 4, "codename": "view_carbody"}}, {"model": "auth.permission", "pk": 17, "fields": {"name": "Can add материал катода", "content_type": 5, "codename": "add_cathode"}}, {"model": "auth.permission", "pk": 18, "fields": {"name": "Can change материал катода", "content_type": 5, "codename": "change_cathode"}}, {"model": "auth.permission", "pk": 19, "fields": {"name": "Can delete материал катода", "content_type": 5, "codename": "delete_cathode"}}, {"model": "auth.permission", "pk": 20, "fields": {"name": "Can view материал катода", "content_type": 5, "codename": "view_cathode"}}, {"model": "auth.permission", "pk": 21, "fields": {"name": "Can add размер и вес", "content_type": 6, "codename": "add_dimensionsweight"}}, {"model": "auth.permission", "pk": 22, "fields": {"name": "Can change размер и вес", "content_type": 6, "codename": "change_dimensionsweight"}}, {"model": "auth.permission", "pk": 23, "fields": {"name": "Can delete размер и вес", "content_type": 6, "codename": "delete_dimensionsweight"}}, {"model": "auth.permission", "pk": 24, "fields": {"name": "Can view размер и вес", "content_type": 6, "codename": "view_dimensionsweight"}}, {"model": "auth.permission", "pk": 25, "fields": {"name": "Can add привод", "content_type": 7, "codename": "add_drive"}}, {"model": "auth.permission", "pk": 26, "fields": {"name": "Can change привод", "content_type": 7, "codename": "change_drive"}}, {"model": "auth.permission", "pk": 27, "fields": {"name": "Can delete привод", "content_type": 7, "codename": "delete_drive"}}, {"model": "auth.permission", "pk": 28, "fields": {"name": "Can view привод", "content_type": 7, "codename": "view_drive"}}, {"model": "auth.permission", "pk": 29, "fields": {"name": "Can add image car", "content_type": 8, "codename": "add_imagecar"}}, {"model": "auth.permission", "pk": 30, "fields": {"name": "Can change image car", "content_type": 8, "codename": "change_imagecar"}}, {"model": "auth.permission", "pk": 31, "fields": {"name": "Can delete image car", "content_type": 8, "codename": "delete_imagecar"}}, {"model": "auth.permission", "pk": 32, "fields": {"name": "Can view image car", "content_type": 8, "codename": "view_imagecar"}}, {"model": "auth.permission", "pk": 33, "fields": {"name": "Can add производитель", "content_type": 9, "codename": "add_manufacturer"}}, {"model": "auth.permission", "pk": 34, "fields": {"name": "Can change производитель", "content_type": 9, "codename": "change_manufacturer"}}, {"model": "auth.permission", "pk": 35, "fields": {"name": "Can delete производитель", "content_type": 9, "codename": "delete_manufacturer"}}, {"model": "auth.permission", "pk": 36, "fields": {"name": "Can view производитель", "content_type": 9, "codename": "view_manufacturer"}}, {"model": "auth.permission", "pk": 37, "fields": {"name": "Can add номинальный вольтаж", "content_type": 10, "codename": "add_nominalvoltage"}}, {"model": "auth.permission", "pk": 38, "fields": {"name": "Can change номинальный вольтаж", "content_type": 10, "codename": "change_nominalvoltage"}}, {"model": "auth.permission", "pk": 39, "fields": {"name": "Can delete номинальный вольтаж", "content_type": 10, "codename": "delete_nominalvoltage"}}, {"model": "auth.permission", "pk": 40, "fields": {"name": "Can view номинальный вольтаж", "content_type": 10, "codename": "view_nominalvoltage"}}, {"model": "auth.permission", "pk": 41, "fields": {"name": "Can add конфигурация батареи", "content_type": 11, "codename": "add_packconfiguration"}}, {"model": "auth.permission", "pk": 42, "fields": {"name": "Can change конфигурация батареи", "content_type": 11, "codename": "change_packconfiguration"}}, {"model": "auth.permission", "pk": 43, "fields": {"name": "Can delete конфигурация батареи", "content_type": 11, "codename": "delete_packconfiguration"}}, {"model": "auth.permission", "pk": 44, "fields": {"name": "Can view конфигурация батареи", "content_type": 11, "codename": "view_packconfiguration"}}, {"model": "auth.permission", "pk": 45, "fields": {"name": "Can add тип электричества", "content_type": 12, "codename": "add_platform"}}, {"model": "auth.permission", "pk": 46, "fields": {"name": "Can change тип электричества", "content_type": 12, "codename": "change_platform"}}, {"model": "auth.permission", "pk": 47, "fields": {"name": "Can delete тип электричества", "content_type": 12, "codename": "delete_platform"}}, {"model": "auth.permission", "pk": 48, "fields": {"name": "Can view тип электричества", "content_type": 12, "codename": "view_platform"}}, {"model": "auth.permission", "pk": 49, "fields": {"name": "Can add тип порта зарядки", "content_type": 13, "codename": "add_portcharge"}}, {"model": "auth.permission", "pk": 50, "fields": {"name": "Can change тип порта зарядки", "content_type": 13, "codename": "change_portcharge"}}, {"model": "auth.permission", "pk": 51, "fields": {"name": "Can delete тип порта зарядки", "content_type": 13, "codename": "delete_portcharge"}}, {"model": "auth.permission", "pk": 52, "fields": {"name": "Can view тип порта зарядки", "content_type": 13, "codename": "view_portcharge"}}, {"model": "auth.permission", "pk": 53, "fields": {"name": "Can add расположение порта", "content_type": 14, "codename": "add_portlocation"}}, {"model": "auth.permission", "pk": 54, "fields": {"name": "Can change расположение порта", "content_type": 14, "codename": "change_portlocation"}}, {"model": "auth.permission", "pk": 55, "fields": {"name": "Can delete расположение порта", "content_type": 14, "codename": "delete_portlocation"}}, {"model": "auth.permission", "pk": 56, "fields": {"name": "Can view расположение порта", "content_type": 14, "codename": "view_portlocation"}}, {"model": "auth.permission", "pk": 57, "fields": {"name": "Can add реальный диапазон", "content_type": 15, "codename": "add_rangeestimation"}}, {"model": "auth.permission", "pk": 58, "fields": {"name": "Can change реальный диапазон", "content_type": 15, "codename": "change_rangeestimation"}}, {"model": "auth.permission", "pk": 59, "fields": {"name": "Can delete реальный диапазон", "content_type": 15, "codename": "delete_rangeestimation"}}, {"model": "auth.permission", "pk": 60, "fields": {"name": "Can view реальный диапазон", "content_type": 15, "codename": "view_rangeestimation"}}, {"model": "auth.permission", "pk": 61, "fields": {"name": "Can add тип электричества", "content_type": 16, "codename": "add_segment"}}, {"model": "auth.permission", "pk": 62, "fields": {"name": "Can change тип электричества", "content_type": 16, "codename": "change_segment"}}, {"model": "auth.permission", "pk": 63, "fields": {"name": "Can delete тип электричества", "content_type": 16, "codename": "delete_segment"}}, {"model": "auth.permission", "pk": 64, "fields": {"name": "Can view тип электричества", "content_type": 16, "codename": "view_segment"}}, {"model": "auth.permission", "pk": 65, "fields": {"name": "Can add тип электричества", "content_type": 17, "codename": "add_typeelectric"}}, {"model": "auth.permission", "pk": 66, "fields": {"name": "Can change тип электричества", "content_type": 17, "codename": "change_typeelectric"}}, {"model": "auth.permission", "pk": 67, "fields": {"name": "Can delete тип электричества", "content_type": 17, "codename": "delete_typeelectric"}}, {"model": "auth.permission", "pk": 68, "fields": {"name": "Can view тип электричества", "content_type": 17, "codename": "view_typeelectric"}}, {"model": "auth.permission", "pk": 69, "fields": {"name": "Can add video url you tube", "content_type": 18, "codename": "add_videourlyoutube"}}, {"model": "auth.permission", "pk": 70, "fields": {"name": "Can change video url you tube", "content_type": 18, "codename": "change_videourlyoutube"}}, {"model": "auth.permission", "pk": 71, "fields": {"name": "Can delete video url you tube", "content_type": 18, "codename": "delete_videourlyoutube"}}, {"model": "auth.permission", "pk": 72, "fields": {"name": "Can view video url you tube", "content_type": 18, "codename": "view_videourlyoutube"}}, {"model": "auth.permission", "pk": 73, "fields": {"name": "Can add батарея", "content_type": 19, "codename": "add_battery"}}, {"model": "auth.permission", "pk": 74, "fields": {"name": "Can change батарея", "content_type": 19, "codename": "change_battery"}}, {"model": "auth.permission", "pk": 75, "fields": {"name": "Can delete батарея", "content_type": 19, "codename": "delete_battery"}}, {"model": "auth.permission", "pk": 76, "fields": {"name": "Can view батарея", "content_type": 19, "codename": "view_battery"}}, {"model": "auth.permission", "pk": 77, "fields": {"name": "Can add дополнительно", "content_type": 20, "codename": "add_miscellaneous"}}, {"model": "auth.permission", "pk": 78, "fields": {"name": "Can change дополнительно", "content_type": 20, "codename": "change_miscellaneous"}}, {"model": "auth.permission", "pk": 79, "fields": {"name": "Can delete дополнительно", "content_type": 20, "codename": "delete_miscellaneous"}}, {"model": "auth.permission", "pk": 80, "fields": {"name": "Can view дополнительно", "content_type": 20, "codename": "view_miscellaneous"}}, {"model": "auth.permission", "pk": 81, "fields": {"name": "Can add производительность", "content_type": 21, "codename": "add_performance"}}, {"model": "auth.permission", "pk": 82, "fields": {"name": "Can change производительность", "content_type": 21, "codename": "change_performance"}}, {"model": "auth.permission", "pk": 83, "fields": {"name": "Can delete производительность", "content_type": 21, "codename": "delete_performance"}}, {"model": "auth.permission", "pk": 84, "fields": {"name": "Can view производительность", "content_type": 21, "codename": "view_performance"}}, {"model": "auth.permission", "pk": 85, "fields": {"name": "Can add зарядка", "content_type": 22, "codename": "add_charging"}}, {"model": "auth.permission", "pk": 86, "fields": {"name": "Can change зарядка", "content_type": 22, "codename": "change_charging"}}, {"model": "auth.permission", "pk": 87, "fields": {"name": "Can delete зарядка", "content_type": 22, "codename": "delete_charging"}}, {"model": "auth.permission", "pk": 88, "fields": {"name": "Can view зарядка", "content_type": 22, "codename": "view_charging"}}, {"model": "auth.permission", "pk": 89, "fields": {"name": "Can add электромобиль", "content_type": 23, "codename": "add_car"}}, {"model": "auth.permission", "pk": 90, "fields": {"name": "Can change электромобиль", "content_type": 23, "codename": "change_car"}}, {"model": "auth.permission", "pk": 91, "fields": {"name": "Can delete электромобиль", "content_type": 23, "codename": "delete_car"}}, {"model": "auth.permission", "pk": 92, "fields": {"name": "Can view электромобиль", "content_type": 23, "codename": "view_car"}}, {"model": "auth.permission", "pk": 93, "fields": {"name": "Can add autor", "content_type": 24, "codename": "add_autor"}}, {"model": "auth.permission", "pk": 94, "fields": {"name": "Can change autor", "content_type": 24, "codename": "change_autor"}}, {"model": "auth.permission", "pk": 95, "fields": {"name": "Can delete autor", "content_type": 24, "codename": "delete_autor"}}, {"model": "auth.permission", "pk": 96, "fields": {"name": "Can view autor", "content_type": 24, "codename": "view_autor"}}, {"model": "auth.permission", "pk": 97, "fields": {"name": "Can add category", "content_type": 25, "codename": "add_category"}}, {"model": "auth.permission", "pk": 98, "fields": {"name": "Can change category", "content_type": 25, "codename": "change_category"}}, {"model": "auth.permission", "pk": 99, "fields": {"name": "Can delete category", "content_type": 25, "codename": "delete_category"}}, {"model": "auth.permission", "pk": 100, "fields": {"name": "Can view category", "content_type": 25, "codename": "view_category"}}, {"model": "auth.permission", "pk": 101, "fields": {"name": "Can add tags", "content_type": 26, "codename": "add_tags"}}, {"model": "auth.permission", "pk": 102, "fields": {"name": "Can change tags", "content_type": 26, "codename": "change_tags"}}, {"model": "auth.permission", "pk": 103, "fields": {"name": "Can delete tags", "content_type": 26, "codename": "delete_tags"}}, {"model": "auth.permission", "pk": 104, "fields": {"name": "Can view tags", "content_type": 26, "codename": "view_tags"}}, {"model": "auth.permission", "pk": 105, "fields": {"name": "Can add post", "content_type": 27, "codename": "add_post"}}, {"model": "auth.permission", "pk": 106, "fields": {"name": "Can change post", "content_type": 27, "codename": "change_post"}}, {"model": "auth.permission", "pk": 107, "fields": {"name": "Can delete post", "content_type": 27, "codename": "delete_post"}}, {"model": "auth.permission", "pk": 108, "fields": {"name": "Can view post", "content_type": 27, "codename": "view_post"}}, {"model": "auth.permission", "pk": 109, "fields": {"name": "Can add user", "content_type": 28, "codename": "add_customuser"}}, {"model": "auth.permission", "pk": 110, "fields": {"name": "Can change user", "content_type": 28, "codename": "change_customuser"}}, {"model": "auth.permission", "pk": 111, "fields": {"name": "Can delete user", "content_type": 28, "codename": "delete_customuser"}}, {"model": "auth.permission", "pk": 112, "fields": {"name": "Can view user", "content_type": 28, "codename": "view_customuser"}}, {"model": "auth.permission", "pk": 113, "fields": {"name": "Can add log entry", "content_type": 29, "codename": "add_logentry"}}, {"model": "auth.permission", "pk": 114, "fields": {"name": "Can change log entry", "content_type": 29, "codename": "change_logentry"}}, {"model": "auth.permission", "pk": 115, "fields": {"name": "Can delete log entry", "content_type": 29, "codename": "delete_logentry"}}, {"model": "auth.permission", "pk": 116, "fields": {"name": "Can view log entry", "content_type": 29, "codename": "view_logentry"}}, {"model": "auth.permission", "pk": 117, "fields": {"name": "Can add permission", "content_type": 30, "codename": "add_permission"}}, {"model": "auth.permission", "pk": 118, "fields": {"name": "Can change permission", "content_type": 30, "codename": "change_permission"}}, {"model": "auth.permission", "pk": 119, "fields": {"name": "Can delete permission", "content_type": 30, "codename": "delete_permission"}}, {"model": "auth.permission", "pk": 120, "fields": {"name": "Can view permission", "content_type": 30, "codename": "view_permission"}}, {"model": "auth.permission", "pk": 121, "fields": {"name": "Can add group", "content_type": 31, "codename": "add_group"}}, {"model": "auth.permission", "pk": 122, "fields": {"name": "Can change group", "content_type": 31, "codename": "change_group"}}, {"model": "auth.permission", "pk": 123, "fields": {"name": "Can delete group", "content_type": 31, "codename": "delete_group"}}, {"model": "auth.permission", "pk": 124, "fields": {"name": "Can view group", "content_type": 31, "codename": "view_group"}}, {"model": "auth.permission", "pk": 125, "fields": {"name": "Can add content type", "content_type": 32, "codename": "add_contenttype"}}, {"model": "auth.permission", "pk": 126, "fields": {"name": "Can change content type", "content_type": 32, "codename": "change_contenttype"}}, {"model": "auth.permission", "pk": 127, "fields": {"name": "Can delete content type", "content_type": 32, "codename": "delete_contenttype"}}, {"model": "auth.permission", "pk": 128, "fields": {"name": "Can view content type", "content_type": 32, "codename": "view_contenttype"}}, {"model": "auth.permission", "pk": 129, "fields": {"name": "Can add session", "content_type": 33, "codename": "add_session"}}, {"model": "auth.permission", "pk": 130, "fields": {"name": "Can change session", "content_type": 33, "codename": "change_session"}}, {"model": "auth.permission", "pk": 131, "fields": {"name": "Can delete session", "content_type": 33, "codename": "delete_session"}}, {"model": "auth.permission", "pk": 132, "fields": {"name": "Can view session", "content_type": 33, "codename": "view_session"}}, {"model": "auth.permission", "pk": 133, "fields": {"name": "Can add site", "content_type": 34, "codename": "add_site"}}, {"model": "auth.permission", "pk": 134, "fields": {"name": "Can change site", "content_type": 34, "codename": "change_site"}}, {"model": "auth.permission", "pk": 135, "fields": {"name": "Can delete site", "content_type": 34, "codename": "delete_site"}}, {"model": "auth.permission", "pk": 136, "fields": {"name": "Can view site", "content_type": 34, "codename": "view_site"}}, {"model": "auth.permission", "pk": 137, "fields": {"name": "Can add Token", "content_type": 35, "codename": "add_token"}}, {"model": "auth.permission", "pk": 138, "fields": {"name": "Can change Token", "content_type": 35, "codename": "change_token"}}, {"model": "auth.permission", "pk": 139, "fields": {"name": "Can delete Token", "content_type": 35, "codename": "delete_token"}}, {"model": "auth.permission", "pk": 140, "fields": {"name": "Can view Token", "content_type": 35, "codename": "view_token"}}, {"model": "auth.permission", "pk": 141, "fields": {"name": "Can add Token", "content_type": 36, "codename": "add_tokenproxy"}}, {"model": "auth.permission", "pk": 142, "fields": {"name": "Can change Token", "content_type": 36, "codename": "change_tokenproxy"}}, {"model": "auth.permission", "pk": 143, "fields": {"name": "Can delete Token", "content_type": 36, "codename": "delete_tokenproxy"}}, {"model": "auth.permission", "pk": 144, "fields": {"name": "Can view Token", "content_type": 36, "codename": "view_tokenproxy"}}, {"model": "auth.permission", "pk": 145, "fields": {"name": "Can add tag", "content_type": 37, "codename": "add_tag"}}, {"model": "auth.permission", "pk": 146, "fields": {"name": "Can change tag", "content_type": 37, "codename": "change_tag"}}, {"model": "auth.permission", "pk": 147, "fields": {"name": "Can delete tag", "content_type": 37, "codename": "delete_tag"}}, {"model": "auth.permission", "pk": 148, "fields": {"name": "Can view tag", "content_type": 37, "codename": "view_tag"}}, {"model": "auth.permission", "pk": 149, "fields": {"name": "Can add tagged item", "content_type": 38, "codename": "add_taggeditem"}}, {"model": "auth.permission", "pk": 150, "fields": {"name": "Can change tagged item", "content_type": 38, "codename": "change_taggeditem"}}, {"model": "auth.permission", "pk": 151, "fields": {"name": "Can delete tagged item", "content_type": 38, "codename": "delete_taggeditem"}}, {"model": "auth.permission", "pk": 152, "fields": {"name": "Can view tagged item", "content_type": 38, "codename": "view_taggeditem"}}, {"model": "contenttypes.contenttype", "pk": 1, "fields": {"app_label": "catalog", "model": "accelerationto"}}, {"model": "contenttypes.contenttype", "pk": 2, "fields": {"app_label": "catalog", "model": "architecturebattery"}}, {"model": "contenttypes.contenttype", "pk": 3, "fields": {"app_label": "catalog", "model": "batterytype"}}, {"model": "contenttypes.contenttype", "pk": 4, "fields": {"app_label": "catalog", "model": "carbody"}}, {"model": "contenttypes.contenttype", "pk": 5, "fields": {"app_label": "catalog", "model": "cathode"}}, {"model": "contenttypes.contenttype", "pk": 6, "fields": {"app_label": "catalog", "model": "dimensionsweight"}}, {"model": "contenttypes.contenttype", "pk": 7, "fields": {"app_label": "catalog", "model": "drive"}}, {"model": "contenttypes.contenttype", "pk": 8, "fields": {"app_label": "catalog", "model": "imagecar"}}, {"model": "contenttypes.contenttype", "pk": 9, "fields": {"app_label": "catalog", "model": "manufacturer"}}, {"model": "contenttypes.contenttype", "pk": 10, "fields": {"app_label": "catalog", "model": "nominalvoltage"}}, {"model": "contenttypes.contenttype", "pk": 11, "fields": {"app_label": "catalog", "model": "packconfiguration"}}, {"model": "contenttypes.contenttype", "pk": 12, "fields": {"app_label": "catalog", "model": "platform"}}, {"model": "contenttypes.contenttype", "pk": 13, "fields": {"app_label": "catalog", "model": "portcharge"}}, {"model": "contenttypes.contenttype", "pk": 14, "fields": {"app_label": "catalog", "model": "portlocation"}}, {"model": "contenttypes.contenttype", "pk": 15, "fields": {"app_label": "catalog", "model": "rangeestimation"}}, {"model": "contenttypes.contenttype", "pk": 16, "fields": {"app_label": "catalog", "model": "segment"}}, {"model": "contenttypes.contenttype", "pk": 17, "fields": {"app_label": "catalog", "model": "typeelectric"}}, {"model": "contenttypes.contenttype", "pk": 18, "fields": {"app_label": "catalog", "model": "videourlyoutube"}}, {"model": "contenttypes.contenttype", "pk": 19, "fields": {"app_label": "catalog", "model": "battery"}}, {"model": "contenttypes.contenttype", "pk": 20, "fields": {"app_label": "catalog", "model": "miscellaneous"}}, {"model": "contenttypes.contenttype", "pk": 21, "fields": {"app_label": "catalog", "model": "performance"}}, {"model": "contenttypes.contenttype", "pk": 22, "fields": {"app_label": "catalog", "model": "charging"}}, {"model": "contenttypes.contenttype", "pk": 23, "fields": {"app_label": "catalog", "model": "car"}}, {"model": "contenttypes.contenttype", "pk": 24, "fields": {"app_label": "blog", "model": "autor"}}, {"model": "contenttypes.contenttype", "pk": 25, "fields": {"app_label": "blog", "model": "category"}}, {"model": "contenttypes.contenttype", "pk": 26, "fields": {"app_label": "blog", "model": "tags"}}, {"model": "contenttypes.contenttype", "pk": 27, "fields": {"app_label": "blog", "model": "post"}}, {"model": "contenttypes.contenttype", "pk": 28, "fields": {"app_label": "users", "model": "customuser"}}, {"model": "contenttypes.contenttype", "pk": 29, "fields": {"app_label": "admin", "model": "logentry"}}, {"model": "contenttypes.contenttype", "pk": 30, "fields": {"app_label": "auth", "model": "permission"}}, {"model": "contenttypes.contenttype", "pk": 31, "fields": {"app_label": "auth", "model": "group"}}, {"model": "contenttypes.contenttype", "pk": 32, "fields": {"app_label": "contenttypes", "model": "contenttype"}}, {"model": "contenttypes.contenttype", "pk": 33, "fields": {"app_label": "sessions", "model": "session"}}, {"model": "contenttypes.contenttype", "pk": 34, "fields": {"app_label": "sites", "model": "site"}}, {"model": "contenttypes.contenttype", "pk": 35, "fields": {"app_label": "authtoken", "model": "token"}}, {"model": "contenttypes.contenttype", "pk": 36, "fields": {"app_label": "authtoken", "model": "tokenproxy"}}, {"model": "contenttypes.contenttype", "pk": 37, "fields": {"app_label": "taggit", "model": "tag"}}, {"model": "contenttypes.contenttype", "pk": 38, "fields": {"app_label": "taggit", "model": "taggeditem"}}, {"model": "sites.site", "pk": 1, "fields": {"domain": "example.com", "name": "example.com"}}]