[{"model": "catalog.rangeestimation", "pk": 1, "fields": {"city_cold": 450, "highway_cold": 345, "combined_cold": 400, "city_mild": 670, "highway_mild": 450, "combined_mild": 545}}, {"model": "catalog.rangeestimation", "pk": 2, "fields": {"city_cold": 320, "highway_cold": 225, "combined_cold": 270, "city_mild": 460, "highway_mild": 285, "combined_mild": 360}}, {"model": "catalog.rangeestimation", "pk": 3, "fields": {"city_cold": 320, "highway_cold": 225, "combined_cold": 270, "city_mild": 470, "highway_mild": 285, "combined_mild": 360}}, {"model": "catalog.rangeestimation", "pk": 4, "fields": {"city_cold": 235, "highway_cold": 165, "combined_cold": 200, "city_mild": 355, "highway_mild": 215, "combined_mild": 275}}, {"model": "catalog.rangeestimation", "pk": 5, "fields": {"city_cold": 415, "highway_cold": 315, "combined_cold": 365, "city_mild": 610, "highway_mild": 400, "combined_mild": 490}}, {"model": "catalog.rangeestimation", "pk": 6, "fields": {"city_cold": 200, "highway_cold": 130, "combined_cold": 160, "city_mild": 275, "highway_mild": 160, "combined_mild": 205}}, {"model": "catalog.rangeestimation", "pk": 7, "fields": {"city_cold": 325, "highway_cold": 230, "combined_cold": 275, "city_mild": 480, "highway_mild": 295, "combined_mild": 370}}, {"model": "catalog.rangeestimation", "pk": 8, "fields": {"city_cold": 350, "highway_cold": 245, "combined_cold": 290, "city_mild": 510, "highway_mild": 310, "combined_mild": 390}}, {"model": "catalog.rangeestimation", "pk": 9, "fields": {"city_cold": 430, "highway_cold": 330, "combined_cold": 380, "city_mild": 630, "highway_mild": 430, "combined_mild": 515}}, {"model": "catalog.rangeestimation", "pk": 10, "fields": {"city_cold": 340, "highway_cold": 240, "combined_cold": 285, "city_mild": 495, "highway_mild": 305, "combined_mild": 385}}, {"model": "catalog.manufacturer", "pk": 1, "fields": {"title": "Porsche", "description": null}}, {"model": "catalog.manufacturer", "pk": 2, "fields": {"title": "Toyota", "description": null}}, {"model": "catalog.manufacturer", "pk": 3, "fields": {"title": "Aiways", "description": null}}, {"model": "catalog.manufacturer", "pk": 4, "fields": {"title": "Nissan", "description": null}}, {"model": "catalog.manufacturer", "pk": 5, "fields": {"title": "Citroen", "description": null}}, {"model": "catalog.manufacturer", "pk": 6, "fields": {"title": "Smart", "description": null}}, {"model": "catalog.manufacturer", "pk": 7, "fields": {"title": "Volvo", "description": null}}, {"model": "catalog.manufacturer", "pk": 8, "fields": {"title": "Ford", "description": null}}, {"model": "catalog.architecturebattery", "pk": 1, "fields": {"title": 800}}, {"model": "catalog.architecturebattery", "pk": 2, "fields": {"title": 400}}, {"model": "catalog.cathode", "pk": 1, "fields": {"title": "NCM712"}}, {"model": "catalog.cathode", "pk": 2, "fields": {"title": "NCM523"}}, {"model": "catalog.cathode", "pk": 3, "fields": {"title": "NCM"}}, {"model": "catalog.packconfiguration", "pk": 1, "fields": {"title": "198s2p"}}, {"model": "catalog.packconfiguration", "pk": 2, "fields": {"title": "96s1p"}}, {"model": "catalog.packconfiguration", "pk": 3, "fields": {"title": "96s2p"}}, {"model": "catalog.packconfiguration", "pk": 4, "fields": {"title": "108s2p"}}, {"model": "catalog.packconfiguration", "pk": 5, "fields": {"title": "96s3p"}}, {"model": "catalog.nominalvoltage", "pk": 1, "fields": {"title": 725}}, {"model": "catalog.nominalvoltage", "pk": 2, "fields": {"title": 355}}, {"model": "catalog.nominalvoltage", "pk": 3, "fields": {"title": 350}}, {"model": "catalog.nominalvoltage", "pk": 4, "fields": {"title": 400}}, {"model": "catalog.battery", "pk": 1, "fields": {"nominal_capacity": "93.40", "usable_capacity": "83.70", "battery_type": null, "number_of_cells": 396, "architecture": 1, "cathode": 1, "pack_configuration": 1, "nominal_voltage": 1, "warranty_period": 8, "warranty_mileage": 160000}}, {"model": "catalog.battery", "pk": 2, "fields": {"nominal_capacity": "71.40", "usable_capacity": "64.00", "battery_type": null, "number_of_cells": 96, "architecture": 2, "cathode": null, "pack_configuration": 2, "nominal_voltage": 2, "warranty_period": null, "warranty_mileage": null}}, {"model": "catalog.battery", "pk": 3, "fields": {"nominal_capacity": "63.00", "usable_capacity": "60.00", "battery_type": null, "number_of_cells": null, "architecture": 2, "cathode": null, "pack_configuration": null, "nominal_voltage": null, "warranty_period": 8, "warranty_mileage": 150000}}, {"model": "catalog.battery", "pk": 4, "fields": {"nominal_capacity": "40.00", "usable_capacity": "39.00", "battery_type": null, "number_of_cells": 192, "architecture": 2, "cathode": 2, "pack_configuration": 3, "nominal_voltage": 3, "warranty_period": 8, "warranty_mileage": 160000}}, {"model": "catalog.battery", "pk": 5, "fields": {"nominal_capacity": "50.00", "usable_capacity": "46.30", "battery_type": null, "number_of_cells": 216, "architecture": 2, "cathode": null, "pack_configuration": 4, "nominal_voltage": 4, "warranty_period": 8, "warranty_mileage": 160000}}, {"model": "catalog.battery", "pk": 6, "fields": {"nominal_capacity": "66.00", "usable_capacity": "62.00", "battery_type": null, "number_of_cells": null, "architecture": 2, "cathode": 3, "pack_configuration": null, "nominal_voltage": null, "warranty_period": 8, "warranty_mileage": 200000}}, {"model": "catalog.battery", "pk": 7, "fields": {"nominal_capacity": "70.00", "usable_capacity": "67.00", "battery_type": null, "number_of_cells": null, "architecture": 2, "cathode": 3, "pack_configuration": null, "nominal_voltage": null, "warranty_period": 8, "warranty_mileage": 160000}}, {"model": "catalog.battery", "pk": 8, "fields": {"nominal_capacity": "75.70", "usable_capacity": "68.00", "battery_type": null, "number_of_cells": 288, "architecture": 2, "cathode": null, "pack_configuration": 5, "nominal_voltage": null, "warranty_period": 8, "warranty_mileage": 160000}}, {"model": "catalog.accelerationto", "pk": 1, "fields": {"time": "5.4"}}, {"model": "catalog.accelerationto", "pk": 2, "fields": {"time": "6.9"}}, {"model": "catalog.accelerationto", "pk": 3, "fields": {"time": "7.5"}}, {"model": "catalog.accelerationto", "pk": 4, "fields": {"time": "7.9"}}, {"model": "catalog.accelerationto", "pk": 5, "fields": {"time": "4.0"}}, {"model": "catalog.accelerationto", "pk": 6, "fields": {"time": "12.1"}}, {"model": "catalog.accelerationto", "pk": 7, "fields": {"time": "4.5"}}, {"model": "catalog.accelerationto", "pk": 8, "fields": {"time": "7.3"}}, {"model": "catalog.accelerationto", "pk": 9, "fields": {"time": "3.7"}}, {"model": "catalog.accelerationto", "pk": 10, "fields": {"time": "6.3"}}, {"model": "catalog.drive", "pk": 1, "fields": {"title": "Rear"}}, {"model": "catalog.drive", "pk": 2, "fields": {"title": "AWD"}}, {"model": "catalog.drive", "pk": 3, "fields": {"title": "Front"}}, {"model": "catalog.performance", "pk": 1, "fields": {"acceleration_to_100": 1, "top_speed": 230, "electric_range": 475, "total_power": 350, "total_torque": 357, "drive": 1}}, {"model": "catalog.performance", "pk": 2, "fields": {"acceleration_to_100": 2, "top_speed": 160, "electric_range": 315, "total_power": 160, "total_torque": 336, "drive": 2}}, {"model": "catalog.performance", "pk": 3, "fields": {"acceleration_to_100": 3, "top_speed": 150, "electric_range": 315, "total_power": 150, "total_torque": 310, "drive": 3}}, {"model": "catalog.performance", "pk": 4, "fields": {"acceleration_to_100": 4, "top_speed": 144, "electric_range": 235, "total_power": 110, "total_torque": 320, "drive": 3}}, {"model": "catalog.performance", "pk": 5, "fields": {"acceleration_to_100": 5, "top_speed": 250, "electric_range": 430, "total_power": 420, "total_torque": 650, "drive": 2}}, {"model": "catalog.performance", "pk": 6, "fields": {"acceleration_to_100": 6, "top_speed": 130, "electric_range": 185, "total_power": 100, "total_torque": 260, "drive": 3}}, {"model": "catalog.performance", "pk": 7, "fields": {"acceleration_to_100": 7, "top_speed": 180, "electric_range": 325, "total_power": 315, "total_torque": 584, "drive": 2}}, {"model": "catalog.performance", "pk": 8, "fields": {"acceleration_to_100": 8, "top_speed": 180, "electric_range": 345, "total_power": 175, "total_torque": 420, "drive": 1}}, {"model": "catalog.performance", "pk": 9, "fields": {"acceleration_to_100": 9, "top_speed": 250, "electric_range": 450, "total_power": 440, "total_torque": 850, "drive": 2}}, {"model": "catalog.performance", "pk": 10, "fields": {"acceleration_to_100": 10, "top_speed": 180, "electric_range": 335, "total_power": 198, "total_torque": 580, "drive": 2}}, {"model": "catalog.portcharge", "pk": 1, "fields": {"title": "Type 2"}}, {"model": "catalog.portcharge", "pk": 2, "fields": {"title": "CCS"}}, {"model": "catalog.portcharge", "pk": 3, "fields": {"title": "CHAdeMO"}}, {"model": "catalog.portlocation", "pk": 1, "fields": {"title": "Passenger Side / Front"}}, {"model": "catalog.portlocation", "pk": 2, "fields": {"title": "Driver's Side / Front"}}, {"model": "catalog.portlocation", "pk": 3, "fields": {"title": "Left Side / Front"}}, {"model": "catalog.portlocation", "pk": 4, "fields": {"title": "Front Side / Left"}}, {"model": "catalog.portlocation", "pk": 5, "fields": {"title": "Front Side / Middle"}}, {"model": "catalog.portlocation", "pk": 6, "fields": {"title": "Left Side / Rear"}}, {"model": "catalog.typeelectric", "pk": 1, "fields": {"title": "AC"}}, {"model": "catalog.typeelectric", "pk": 2, "fields": {"title": "DC"}}, {"model": "catalog.charging", "pk": 1, "fields": {"type_port": 1, "charge_power": "11.00", "type_electric": 1, "charge_time": "09:00:00", "charge_speed": 53, "port_location": [1, 2]}}, {"model": "catalog.charging", "pk": 2, "fields": {"type_port": 2, "charge_power": "216.00", "type_electric": 2, "charge_time": "00:17:00", "charge_speed": 1170, "port_location": [1]}}, {"model": "catalog.charging", "pk": 3, "fields": {"type_port": 1, "charge_power": "6.60", "type_electric": 1, "charge_time": "11:30:00", "charge_speed": 28, "port_location": [3]}}, {"model": "catalog.charging", "pk": 4, "fields": {"type_port": 2, "charge_power": "100.00", "type_electric": 2, "charge_time": "00:28:00", "charge_speed": 470, "port_location": [3]}}, {"model": "catalog.charging", "pk": 5, "fields": {"type_port": 1, "charge_power": "6.60", "type_electric": 1, "charge_time": "10:45:00", "charge_speed": 29, "port_location": [4]}}, {"model": "catalog.charging", "pk": 6, "fields": {"type_port": 2, "charge_power": "78.00", "type_electric": 2, "charge_time": "00:34:00", "charge_speed": 380, "port_location": [4]}}, {"model": "catalog.charging", "pk": 7, "fields": {"type_port": 1, "charge_power": "3.60", "type_electric": 1, "charge_time": "12:45:00", "charge_speed": 18, "port_location": [5]}}, {"model": "catalog.charging", "pk": 8, "fields": {"type_port": 3, "charge_power": "40.00", "type_electric": 2, "charge_time": "00:43:00", "charge_speed": 230, "port_location": [5]}}, {"model": "catalog.charging", "pk": 9, "fields": {"type_port": 1, "charge_power": "11.00", "type_electric": 1, "charge_time": "09:00:00", "charge_speed": 48, "port_location": [1, 2]}}, {"model": "catalog.charging", "pk": 10, "fields": {"type_port": 2, "charge_power": "216.00", "type_electric": 2, "charge_time": "00:17:00", "charge_speed": 1060, "port_location": [1]}}, {"model": "catalog.charging", "pk": 11, "fields": {"type_port": 1, "charge_power": "7.40", "type_electric": 1, "charge_time": "07:30:00", "charge_speed": 25, "port_location": [3]}}, {"model": "catalog.charging", "pk": 12, "fields": {"type_port": 2, "charge_power": "78.00", "type_electric": 2, "charge_time": "00:26:00", "charge_speed": 290, "port_location": [3]}}, {"model": "catalog.charging", "pk": 13, "fields": {"type_port": 1, "charge_power": "22.00", "type_electric": 1, "charge_time": "03:30:00", "charge_speed": 98, "port_location": [6]}}, {"model": "catalog.charging", "pk": 14, "fields": {"type_port": 2, "charge_power": "100.00", "type_electric": 2, "charge_time": "00:27:00", "charge_speed": 500, "port_location": [6]}}, {"model": "catalog.charging", "pk": 15, "fields": {"type_port": 1, "charge_power": "11.00", "type_electric": 1, "charge_time": "07:15:00", "charge_speed": 48, "port_location": [6]}}, {"model": "catalog.charging", "pk": 16, "fields": {"type_port": 2, "charge_power": "110.00", "type_electric": 2, "charge_time": "00:27:00", "charge_speed": 530, "port_location": [6]}}, {"model": "catalog.charging", "pk": 17, "fields": {"type_port": 1, "charge_power": "11.00", "type_electric": 1, "charge_time": "09:00:00", "charge_speed": 50, "port_location": [1, 2]}}, {"model": "catalog.charging", "pk": 18, "fields": {"type_port": 2, "charge_power": "216.00", "type_electric": 2, "charge_time": "00:17:00", "charge_speed": 1110, "port_location": [1]}}, {"model": "catalog.charging", "pk": 19, "fields": {"type_port": 1, "charge_power": "11.00", "type_electric": 1, "charge_time": "07:30:00", "charge_speed": 46, "port_location": [3]}}, {"model": "catalog.charging", "pk": 20, "fields": {"type_port": 2, "charge_power": "78.00", "type_electric": 2, "charge_time": "00:39:00", "charge_speed": 360, "port_location": [3]}}, {"model": "catalog.dimensionsweight", "pk": 1, "fields": {"length": 4963, "width": 1966, "width_with_mirrors": 2144, "height": 1394, "wheelbase": 2900, "weight_unladen": 2205, "gross_weight": 2795, "payload": 665, "cargo_volume": 407, "cargo_volume_frunk": 84, "tow_hitch": false}}, {"model": "catalog.dimensionsweight", "pk": 2, "fields": {"length": 4690, "width": 1860, "width_with_mirrors": null, "height": 1600, "wheelbase": 2850, "weight_unladen": 2075, "gross_weight": 2550, "payload": 550, "cargo_volume": 452, "cargo_volume_frunk": null, "tow_hitch": true}}, {"model": "catalog.dimensionsweight", "pk": 3, "fields": {"length": 4680, "width": 1865, "width_with_mirrors": null, "height": 1700, "wheelbase": 2800, "weight_unladen": 1795, "gross_weight": 2135, "payload": 415, "cargo_volume": 432, "cargo_volume_frunk": 0, "tow_hitch": false}}, {"model": "catalog.dimensionsweight", "pk": 4, "fields": {"length": 4490, "width": 1788, "width_with_mirrors": null, "height": 1530, "wheelbase": 2700, "weight_unladen": 1580, "gross_weight": 1995, "payload": 490, "cargo_volume": 435, "cargo_volume_frunk": null, "tow_hitch": false}}, {"model": "catalog.dimensionsweight", "pk": 5, "fields": {"length": 4963, "width": 1966, "width_with_mirrors": 2144, "height": 1390, "wheelbase": 2900, "weight_unladen": 2325, "gross_weight": 2875, "payload": 625, "cargo_volume": 446, "cargo_volume_frunk": 84, "tow_hitch": false}}, {"model": "catalog.dimensionsweight", "pk": 6, "fields": {"length": 4956, "width": 1920, "width_with_mirrors": 2204, "height": 1890, "wheelbase": 3275, "weight_unladen": 1969, "gross_weight": 2810, "payload": 916, "cargo_volume": 507, "cargo_volume_frunk": 0, "tow_hitch": true}}, {"model": "catalog.dimensionsweight", "pk": 7, "fields": {"length": 4300, "width": 1822, "width_with_mirrors": 2025, "height": 1636, "wheelbase": 2750, "weight_unladen": 1975, "gross_weight": 2325, "payload": 425, "cargo_volume": 313, "cargo_volume_frunk": 15, "tow_hitch": true}}, {"model": "catalog.dimensionsweight", "pk": 8, "fields": {"length": 4440, "width": 1863, "width_with_mirrors": 2034, "height": 1652, "wheelbase": 2702, "weight_unladen": 2040, "gross_weight": 2470, "payload": 505, "cargo_volume": 410, "cargo_volume_frunk": 31, "tow_hitch": true}}, {"model": "catalog.dimensionsweight", "pk": 9, "fields": {"length": 4963, "width": 1966, "width_with_mirrors": 2144, "height": 1381, "wheelbase": 2900, "weight_unladen": 2370, "gross_weight": 2850, "payload": 555, "cargo_volume": 407, "cargo_volume_frunk": 84, "tow_hitch": false}}, {"model": "catalog.dimensionsweight", "pk": 10, "fields": {"length": 4713, "width": 1881, "width_with_mirrors": 2097, "height": 1624, "wheelbase": 2984, "weight_unladen": 2138, "gross_weight": 2640, "payload": 577, "cargo_volume": 322, "cargo_volume_frunk": 100, "tow_hitch": true}}, {"model": "catalog.platform", "pk": 1, "fields": {"title": "VW J1"}}, {"model": "catalog.platform", "pk": 2, "fields": {"title": "PSA EMP2"}}, {"model": "catalog.platform", "pk": 3, "fields": {"title": "GEELY SEA1"}}, {"model": "catalog.platform", "pk": 4, "fields": {"title": "Volvo CMA"}}, {"model": "catalog.carbody", "pk": 1, "fields": {"title": "Sedan"}}, {"model": "catalog.carbody", "pk": 2, "fields": {"title": "SUV"}}, {"model": "catalog.carbody", "pk": 3, "fields": {"title": "Hatchback"}}, {"model": "catalog.carbody", "pk": 4, "fields": {"title": "Station/Estate"}}, {"model": "catalog.carbody", "pk": 5, "fields": {"title": "Small Passenger Van"}}, {"model": "catalog.segment", "pk": 1, "fields": {"title": "Luxury", "char_class": "F"}}, {"model": "catalog.segment", "pk": 2, "fields": {"title": "Medium", "char_class": "JC"}}, {"model": "catalog.segment", "pk": 3, "fields": {"title": "Medium", "char_class": "C"}}, {"model": "catalog.segment", "pk": 4, "fields": {"title": "Commercial", "char_class": "N"}}, {"model": "catalog.segment", "pk": 5, "fields": {"title": "Small", "char_class": "JB"}}, {"model": "catalog.segment", "pk": 6, "fields": {"title": "Large", "char_class": "JD"}}, {"model": "catalog.miscellaneous", "pk": 1, "fields": {"seats": 5, "isofix": true, "isofix_count": 2, "turning_circle": "11.7", "platform": 1, "car_body": 1, "segment": 1, "roof_rails": false, "special_ev_platform": true}}, {"model": "catalog.miscellaneous", "pk": 2, "fields": {"seats": 5, "isofix": true, "isofix_count": 2, "turning_circle": "11.4", "platform": null, "car_body": 2, "segment": 2, "roof_rails": true, "special_ev_platform": true}}, {"model": "catalog.miscellaneous", "pk": 3, "fields": {"seats": 5, "isofix": true, "isofix_count": 2, "turning_circle": null, "platform": null, "car_body": 2, "segment": 2, "roof_rails": true, "special_ev_platform": false}}, {"model": "catalog.miscellaneous", "pk": 4, "fields": {"seats": 5, "isofix": true, "isofix_count": 3, "turning_circle": "10.6", "platform": null, "car_body": 3, "segment": 3, "roof_rails": false, "special_ev_platform": false}}, {"model": "catalog.miscellaneous", "pk": 5, "fields": {"seats": 5, "isofix": true, "isofix_count": 2, "turning_circle": "11.7", "platform": 1, "car_body": 4, "segment": 1, "roof_rails": false, "special_ev_platform": true}}, {"model": "catalog.miscellaneous", "pk": 6, "fields": {"seats": 9, "isofix": true, "isofix_count": 3, "turning_circle": "11.5", "platform": 2, "car_body": 5, "segment": 4, "roof_rails": false, "special_ev_platform": false}}, {"model": "catalog.miscellaneous", "pk": 7, "fields": {"seats": 5, "isofix": true, "isofix_count": 3, "turning_circle": "11.0", "platform": 3, "car_body": 2, "segment": 5, "roof_rails": true, "special_ev_platform": true}}, {"model": "catalog.miscellaneous", "pk": 8, "fields": {"seats": 5, "isofix": true, "isofix_count": 2, "turning_circle": "11.4", "platform": 4, "car_body": 2, "segment": 2, "roof_rails": true, "special_ev_platform": false}}, {"model": "catalog.miscellaneous", "pk": 9, "fields": {"seats": 5, "isofix": true, "isofix_count": 2, "turning_circle": "11.6", "platform": null, "car_body": 2, "segment": 6, "roof_rails": false, "special_ev_platform": false}}, {"model": "catalog.car", "pk": 1, "fields": {"title": "Porsche Taycan Plus 2021-2023", "slug": "porsche-taycan-plus-2021-2023-475", "description": "\nPorsche Taycan Plus - это Luxury разработанный Porsche на платформе VW J1\nПоколение 2021 разгоняется до 100км/ч за 5.4 c.. \nДальность хода на одном заряде ~ 475 км. ", "manufacturer": 1, "performance": 1, "battery": 1, "charging": 1, "charging_fast": 2, "real_range_estimation": 1, "dimensions_weight": 1, "miscellaneous": 1, "view_count": 0, "year_release": 2021, "year_until": 2023, "preceding_car": null, "next_car": null, "article": 1394, "images": [], "video_youtube": []}}, {"model": "catalog.car", "pk": 2, "fields": {"title": "Toyota bZ4X AWD 2022", "slug": "toyota-bz4x-awd-2022-315", "description": "\nToyota bZ4X AWD - это Medium разработанный Toyota на платформе None\nПоколение 2022 разгоняется до 100км/ч за 6.9 c.. \nДальность хода на одном заряде ~ 315 км. ", "manufacturer": 2, "performance": 2, "battery": 2, "charging": 3, "charging_fast": 4, "real_range_estimation": 2, "dimensions_weight": 2, "miscellaneous": 2, "view_count": 0, "year_release": 2022, "year_until": null, "preceding_car": null, "next_car": null, "article": 1565, "images": [], "video_youtube": []}}, {"model": "catalog.car", "pk": 3, "fields": {"title": "Aiways U5 2020-2022", "slug": "aiways-u5-2020-2022-315", "description": "\nAiways U5 - это Medium разработанный Aiways на платформе None\nПоколение 2020 разгоняется до 100км/ч за 7.5 c.. \nДальность хода на одном заряде ~ 315 км. ", "manufacturer": 3, "performance": 3, "battery": 3, "charging": 5, "charging_fast": 6, "real_range_estimation": 3, "dimensions_weight": 3, "miscellaneous": 3, "view_count": 0, "year_release": 2020, "year_until": 2022, "preceding_car": null, "next_car": null, "article": 1261, "images": [], "video_youtube": []}}, {"model": "catalog.car", "pk": 4, "fields": {"title": "Nissan Leaf 2018-2022", "slug": "nissan-leaf-2018-2022-235", "description": "\nNissan Leaf - это Medium разработанный Nissan на платформе None\nПоколение 2018 разгоняется до 100км/ч за 7.9 c.. \nДальность хода на одном заряде ~ 235 км. ", "manufacturer": 4, "performance": 4, "battery": 4, "charging": 7, "charging_fast": 8, "real_range_estimation": 4, "dimensions_weight": 4, "miscellaneous": 4, "view_count": 0, "year_release": 2018, "year_until": 2022, "preceding_car": null, "next_car": null, "article": 1106, "images": [], "video_youtube": []}}, {"model": "catalog.car", "pk": 5, "fields": {"title": "Porsche Taycan 4S Plus Sport Turismo 2022-2024", "slug": "porsche-taycan-4s-plus-sport-turismo-2022-2024-430", "description": "\nPorsche Taycan 4S Plus Sport Turismo - это Luxury разработанный Porsche на платформе VW J1\nПоколение 2022 разгоняется до 100км/ч за 4.0 c.. \nДальность хода на одном заряде ~ 430 км. ", "manufacturer": 1, "performance": 5, "battery": 1, "charging": 9, "charging_fast": 10, "real_range_estimation": 5, "dimensions_weight": 5, "miscellaneous": 5, "view_count": 0, "year_release": 2022, "year_until": 2024, "preceding_car": null, "next_car": null, "article": 1624, "images": [], "video_youtube": []}}, {"model": "catalog.car", "pk": 6, "fields": {"title": "Citroen e-Jumpy Combi M 50 kWh 2020-2024", "slug": "citroen-e-jumpy-combi-m-50-kwh-2020-2024-185", "description": "\nCitroen e-Jumpy Combi M 50 kWh - это Commercial разработанный Citroen на платформе PSA EMP2\nПоколение 2020 разгоняется до 100км/ч за 12.1 c.. \nДальность хода на одном заряде ~ 185 км. ", "manufacturer": 5, "performance": 6, "battery": 5, "charging": 11, "charging_fast": 12, "real_range_estimation": 6, "dimensions_weight": 6, "miscellaneous": 6, "view_count": 0, "year_release": 2020, "year_until": 2024, "preceding_car": null, "next_car": null, "article": 1595, "images": [], "video_youtube": []}}, {"model": "catalog.car", "pk": 7, "fields": {"title": "Smart #1 Pulse 2023", "slug": "smart-1-pulse-2023-325", "description": "\nSmart #1 Pulse - это Small разработанный Smart на платформе GEELY SEA1\nПоколение 2023 разгоняется до 100км/ч за 4.5 c.. \nДальность хода на одном заряде ~ 325 км. ", "manufacturer": 6, "performance": 7, "battery": 6, "charging": 13, "charging_fast": 14, "real_range_estimation": 7, "dimensions_weight": 7, "miscellaneous": 7, "view_count": 0, "year_release": 2023, "year_until": null, "preceding_car": null, "next_car": null, "article": 1920, "images": [], "video_youtube": []}}, {"model": "catalog.car", "pk": 8, "fields": {"title": "Volvo EX40 Single Motor 2024", "slug": "volvo-ex40-single-motor-2024-345", "description": "\nVolvo EX40 Single Motor - это Medium разработанный Volvo на платформе Volvo CMA\nПоколение 2024 разгоняется до 100км/ч за 7.3 c.. \nДальность хода на одном заряде ~ 345 км. ", "manufacturer": 7, "performance": 8, "battery": 7, "charging": 15, "charging_fast": 16, "real_range_estimation": 8, "dimensions_weight": 8, "miscellaneous": 8, "view_count": 0, "year_release": 2024, "year_until": null, "preceding_car": null, "next_car": null, "article": 2120, "images": [], "video_youtube": []}}, {"model": "catalog.car", "pk": 9, "fields": {"title": "Porsche Taycan GTS 2022-2024", "slug": "porsche-taycan-gts-2022-2024-450", "description": "\nPorsche Taycan GTS - это Luxury разработанный Porsche на платформе VW J1\nПоколение 2022 разгоняется до 100км/ч за 3.7 c.. \nДальность хода на одном заряде ~ 450 км. ", "manufacturer": 1, "performance": 9, "battery": 1, "charging": 17, "charging_fast": 18, "real_range_estimation": 9, "dimensions_weight": 9, "miscellaneous": 1, "view_count": 0, "year_release": 2022, "year_until": 2024, "preceding_car": null, "next_car": null, "article": 1560, "images": [], "video_youtube": []}}, {"model": "catalog.car", "pk": 10, "fields": {"title": "Ford Mustang Mach-E SR AWD 2021-2022", "slug": "ford-mustang-mach-e-sr-awd-2021-2022-335", "description": "\nFord Mustang Mach-E SR AWD - это Large разработанный Ford на платформе None\nПоколение 2021 разгоняется до 100км/ч за 6.3 c.. \nДальность хода на одном заряде ~ 335 км. ", "manufacturer": 8, "performance": 10, "battery": 8, "charging": 19, "charging_fast": 20, "real_range_estimation": 10, "dimensions_weight": 10, "miscellaneous": 9, "view_count": 0, "year_release": 2021, "year_until": 2022, "preceding_car": null, "next_car": null, "article": 1244, "images": [], "video_youtube": []}}, {"model": "auth.permission", "pk": 1, "fields": {"name": "Can add время разгона", "content_type": 1, "codename": "add_accelerationto"}}, {"model": "auth.permission", "pk": 2, "fields": {"name": "Can change время разгона", "content_type": 1, "codename": "change_accelerationto"}}, {"model": "auth.permission", "pk": 3, "fields": {"name": "Can delete время разгона", "content_type": 1, "codename": "delete_accelerationto"}}, {"model": "auth.permission", "pk": 4, "fields": {"name": "Can view время разгона", "content_type": 1, "codename": "view_accelerationto"}}, {"model": "auth.permission", "pk": 5, "fields": {"name": "Can add Архитектура батареи", "content_type": 2, "codename": "add_architecturebattery"}}, {"model": "auth.permission", "pk": 6, "fields": {"name": "Can change Архитектура батареи", "content_type": 2, "codename": "change_architecturebattery"}}, {"model": "auth.permission", "pk": 7, "fields": {"name": "Can delete Архитектура батареи", "content_type": 2, "codename": "delete_architecturebattery"}}, {"model": "auth.permission", "pk": 8, "fields": {"name": "Can view Архитектура батареи", "content_type": 2, "codename": "view_architecturebattery"}}, {"model": "auth.permission", "pk": 9, "fields": {"name": "Can add Тип батареи", "content_type": 3, "codename": "add_batterytype"}}, {"model": "auth.permission", "pk": 10, "fields": {"name": "Can change Тип батареи", "content_type": 3, "codename": "change_batterytype"}}, {"model": "auth.permission", "pk": 11, "fields": {"name": "Can delete Тип батареи", "content_type": 3, "codename": "delete_batterytype"}}, {"model": "auth.permission", "pk": 12, "fields": {"name": "Can view Тип батареи", "content_type": 3, "codename": "view_batterytype"}}, {"model": "auth.permission", "pk": 13, "fields": {"name": "Can add тип электричества", "content_type": 4, "codename": "add_carbody"}}, {"model": "auth.permission", "pk": 14, "fields": {"name": "Can change тип электричества", "content_type": 4, "codename": "change_carbody"}}, {"model": "auth.permission", "pk": 15, "fields": {"name": "Can delete тип электричества", "content_type": 4, "codename": "delete_carbody"}}, {"model": "auth.permission", "pk": 16, "fields": {"name": "Can view тип электричества", "content_type": 4, "codename": "view_carbody"}}, {"model": "auth.permission", "pk": 17, "fields": {"name": "Can add материал катода", "content_type": 5, "codename": "add_cathode"}}, {"model": "auth.permission", "pk": 18, "fields": {"name": "Can change материал катода", "content_type": 5, "codename": "change_cathode"}}, {"model": "auth.permission", "pk": 19, "fields": {"name": "Can delete материал катода", "content_type": 5, "codename": "delete_cathode"}}, {"model": "auth.permission", "pk": 20, "fields": {"name": "Can view материал катода", "content_type": 5, "codename": "view_cathode"}}, {"model": "auth.permission", "pk": 21, "fields": {"name": "Can add размер и вес", "content_type": 6, "codename": "add_dimensionsweight"}}, {"model": "auth.permission", "pk": 22, "fields": {"name": "Can change размер и вес", "content_type": 6, "codename": "change_dimensionsweight"}}, {"model": "auth.permission", "pk": 23, "fields": {"name": "Can delete размер и вес", "content_type": 6, "codename": "delete_dimensionsweight"}}, {"model": "auth.permission", "pk": 24, "fields": {"name": "Can view размер и вес", "content_type": 6, "codename": "view_dimensionsweight"}}, {"model": "auth.permission", "pk": 25, "fields": {"name": "Can add привод", "content_type": 7, "codename": "add_drive"}}, {"model": "auth.permission", "pk": 26, "fields": {"name": "Can change привод", "content_type": 7, "codename": "change_drive"}}, {"model": "auth.permission", "pk": 27, "fields": {"name": "Can delete привод", "content_type": 7, "codename": "delete_drive"}}, {"model": "auth.permission", "pk": 28, "fields": {"name": "Can view привод", "content_type": 7, "codename": "view_drive"}}, {"model": "auth.permission", "pk": 29, "fields": {"name": "Can add image car", "content_type": 8, "codename": "add_imagecar"}}, {"model": "auth.permission", "pk": 30, "fields": {"name": "Can change image car", "content_type": 8, "codename": "change_imagecar"}}, {"model": "auth.permission", "pk": 31, "fields": {"name": "Can delete image car", "content_type": 8, "codename": "delete_imagecar"}}, {"model": "auth.permission", "pk": 32, "fields": {"name": "Can view image car", "content_type": 8, "codename": "view_imagecar"}}, {"model": "auth.permission", "pk": 33, "fields": {"name": "Can add производитель", "content_type": 9, "codename": "add_manufacturer"}}, {"model": "auth.permission", "pk": 34, "fields": {"name": "Can change производитель", "content_type": 9, "codename": "change_manufacturer"}}, {"model": "auth.permission", "pk": 35, "fields": {"name": "Can delete производитель", "content_type": 9, "codename": "delete_manufacturer"}}, {"model": "auth.permission", "pk": 36, "fields": {"name": "Can view производитель", "content_type": 9, "codename": "view_manufacturer"}}, {"model": "auth.permission", "pk": 37, "fields": {"name": "Can add номинальный вольтаж", "content_type": 10, "codename": "add_nominalvoltage"}}, {"model": "auth.permission", "pk": 38, "fields": {"name": "Can change номинальный вольтаж", "content_type": 10, "codename": "change_nominalvoltage"}}, {"model": "auth.permission", "pk": 39, "fields": {"name": "Can delete номинальный вольтаж", "content_type": 10, "codename": "delete_nominalvoltage"}}, {"model": "auth.permission", "pk": 40, "fields": {"name": "Can view номинальный вольтаж", "content_type": 10, "codename": "view_nominalvoltage"}}, {"model": "auth.permission", "pk": 41, "fields": {"name": "Can add конфигурация батареи", "content_type": 11, "codename": "add_packconfiguration"}}, {"model": "auth.permission", "pk": 42, "fields": {"name": "Can change конфигурация батареи", "content_type": 11, "codename": "change_packconfiguration"}}, {"model": "auth.permission", "pk": 43, "fields": {"name": "Can delete конфигурация батареи", "content_type": 11, "codename": "delete_packconfiguration"}}, {"model": "auth.permission", "pk": 44, "fields": {"name": "Can view конфигурация батареи", "content_type": 11, "codename": "view_packconfiguration"}}, {"model": "auth.permission", "pk": 45, "fields": {"name": "Can add тип электричества", "content_type": 12, "codename": "add_platform"}}, {"model": "auth.permission", "pk": 46, "fields": {"name": "Can change тип электричества", "content_type": 12, "codename": "change_platform"}}, {"model": "auth.permission", "pk": 47, "fields": {"name": "Can delete тип электричества", "content_type": 12, "codename": "delete_platform"}}, {"model": "auth.permission", "pk": 48, "fields": {"name": "Can view тип электричества", "content_type": 12, "codename": "view_platform"}}, {"model": "auth.permission", "pk": 49, "fields": {"name": "Can add тип порта зарядки", "content_type": 13, "codename": "add_portcharge"}}, {"model": "auth.permission", "pk": 50, "fields": {"name": "Can change тип порта зарядки", "content_type": 13, "codename": "change_portcharge"}}, {"model": "auth.permission", "pk": 51, "fields": {"name": "Can delete тип порта зарядки", "content_type": 13, "codename": "delete_portcharge"}}, {"model": "auth.permission", "pk": 52, "fields": {"name": "Can view тип порта зарядки", "content_type": 13, "codename": "view_portcharge"}}, {"model": "auth.permission", "pk": 53, "fields": {"name": "Can add расположение порта", "content_type": 14, "codename": "add_portlocation"}}, {"model": "auth.permission", "pk": 54, "fields": {"name": "Can change расположение порта", "content_type": 14, "codename": "change_portlocation"}}, {"model": "auth.permission", "pk": 55, "fields": {"name": "Can delete расположение порта", "content_type": 14, "codename": "delete_portlocation"}}, {"model": "auth.permission", "pk": 56, "fields": {"name": "Can view расположение порта", "content_type": 14, "codename": "view_portlocation"}}, {"model": "auth.permission", "pk": 57, "fields": {"name": "Can add реальный диапазон", "content_type": 15, "codename": "add_rangeestimation"}}, {"model": "auth.permission", "pk": 58, "fields": {"name": "Can change реальный диапазон", "content_type": 15, "codename": "change_rangeestimation"}}, {"model": "auth.permission", "pk": 59, "fields": {"name": "Can delete реальный диапазон", "content_type": 15, "codename": "delete_rangeestimation"}}, {"model": "auth.permission", "pk": 60, "fields": {"name": "Can view реальный диапазон", "content_type": 15, "codename": "view_rangeestimation"}}, {"model": "auth.permission", "pk": 61, "fields": {"name": "Can add тип электричества", "content_type": 16, "codename": "add_segment"}}, {"model": "auth.permission", "pk": 62, "fields": {"name": "Can change тип электричества", "content_type": 16, "codename": "change_segment"}}, {"model": "auth.permission", "pk": 63, "fields": {"name": "Can delete тип электричества", "content_type": 16, "codename": "delete_segment"}}, {"model": "auth.permission", "pk": 64, "fields": {"name": "Can view тип электричества", "content_type": 16, "codename": "view_segment"}}, {"model": "auth.permission", "pk": 65, "fields": {"name": "Can add тип электричества", "content_type": 17, "codename": "add_typeelectric"}}, {"model": "auth.permission", "pk": 66, "fields": {"name": "Can change тип электричества", "content_type": 17, "codename": "change_typeelectric"}}, {"model": "auth.permission", "pk": 67, "fields": {"name": "Can delete тип электричества", "content_type": 17, "codename": "delete_typeelectric"}}, {"model": "auth.permission", "pk": 68, "fields": {"name": "Can view тип электричества", "content_type": 17, "codename": "view_typeelectric"}}, {"model": "auth.permission", "pk": 69, "fields": {"name": "Can add video url you tube", "content_type": 18, "codename": "add_videourlyoutube"}}, {"model": "auth.permission", "pk": 70, "fields": {"name": "Can change video url you tube", "content_type": 18, "codename": "change_videourlyoutube"}}, {"model": "auth.permission", "pk": 71, "fields": {"name": "Can delete video url you tube", "content_type": 18, "codename": "delete_videourlyoutube"}}, {"model": "auth.permission", "pk": 72, "fields": {"name": "Can view video url you tube", "content_type": 18, "codename": "view_videourlyoutube"}}, {"model": "auth.permission", "pk": 73, "fields": {"name": "Can add батарея", "content_type": 19, "codename": "add_battery"}}, {"model": "auth.permission", "pk": 74, "fields": {"name": "Can change батарея", "content_type": 19, "codename": "change_battery"}}, {"model": "auth.permission", "pk": 75, "fields": {"name": "Can delete батарея", "content_type": 19, "codename": "delete_battery"}}, {"model": "auth.permission", "pk": 76, "fields": {"name": "Can view батарея", "content_type": 19, "codename": "view_battery"}}, {"model": "auth.permission", "pk": 77, "fields": {"name": "Can add дополнительно", "content_type": 20, "codename": "add_miscellaneous"}}, {"model": "auth.permission", "pk": 78, "fields": {"name": "Can change дополнительно", "content_type": 20, "codename": "change_miscellaneous"}}, {"model": "auth.permission", "pk": 79, "fields": {"name": "Can delete дополнительно", "content_type": 20, "codename": "delete_miscellaneous"}}, {"model": "auth.permission", "pk": 80, "fields": {"name": "Can view дополнительно", "content_type": 20, "codename": "view_miscellaneous"}}, {"model": "auth.permission", "pk": 81, "fields": {"name": "Can add производительность", "content_type": 21, "codename": "add_performance"}}, {"model": "auth.permission", "pk": 82, "fields": {"name": "Can change производительность", "content_type": 21, "codename": "change_performance"}}, {"model": "auth.permission", "pk": 83, "fields": {"name": "Can delete производительность", "content_type": 21, "codename": "delete_performance"}}, {"model": "auth.permission", "pk": 84, "fields": {"name": "Can view производительность", "content_type": 21, "codename": "view_performance"}}, {"model": "auth.permission", "pk": 85, "fields": {"name": "Can add зарядка", "content_type": 22, "codename": "add_charging"}}, {"model": "auth.permission", "pk": 86, "fields": {"name": "Can change зарядка", "content_type": 22, "codename": "change_charging"}}, {"model": "auth.permission", "pk": 87, "fields": {"name": "Can delete зарядка", "content_type": 22, "codename": "delete_charging"}}, {"model": "auth.permission", "pk": 88, "fields": {"name": "Can view зарядка", "content_type": 22, "codename": "view_charging"}}, {"model": "auth.permission", "pk": 89, "fields": {"name": "Can add электромобиль", "content_type": 23, "codename": "add_car"}}, {"model": "auth.permission", "pk": 90, "fields": {"name": "Can change электромобиль", "content_type": 23, "codename": "change_car"}}, {"model": "auth.permission", "pk": 91, "fields": {"name": "Can delete электромобиль", "content_type": 23, "codename": "delete_car"}}, {"model": "auth.permission", "pk": 92, "fields": {"name": "Can view электромобиль", "content_type": 23, "codename": "view_car"}}, {"model": "auth.permission", "pk": 93, "fields": {"name": "Can add autor", "content_type": 24, "codename": "add_autor"}}, {"model": "auth.permission", "pk": 94, "fields": {"name": "Can change autor", "content_type": 24, "codename": "change_autor"}}, {"model": "auth.permission", "pk": 95, "fields": {"name": "Can delete autor", "content_type": 24, "codename": "delete_autor"}}, {"model": "auth.permission", "pk": 96, "fields": {"name": "Can view autor", "content_type": 24, "codename": "view_autor"}}, {"model": "auth.permission", "pk": 97, "fields": {"name": "Can add category", "content_type": 25, "codename": "add_category"}}, {"model": "auth.permission", "pk": 98, "fields": {"name": "Can change category", "content_type": 25, "codename": "change_category"}}, {"model": "auth.permission", "pk": 99, "fields": {"name": "Can delete category", "content_type": 25, "codename": "delete_category"}}, {"model": "auth.permission", "pk": 100, "fields": {"name": "Can view category", "content_type": 25, "codename": "view_category"}}, {"model": "auth.permission", "pk": 101, "fields": {"name": "Can add tags", "content_type": 26, "codename": "add_tags"}}, {"model": "auth.permission", "pk": 102, "fields": {"name": "Can change tags", "content_type": 26, "codename": "change_tags"}}, {"model": "auth.permission", "pk": 103, "fields": {"name": "Can delete tags", "content_type": 26, "codename": "delete_tags"}}, {"model": "auth.permission", "pk": 104, "fields": {"name": "Can view tags", "content_type": 26, "codename": "view_tags"}}, {"model": "auth.permission", "pk": 105, "fields": {"name": "Can add post", "content_type": 27, "codename": "add_post"}}, {"model": "auth.permission", "pk": 106, "fields": {"name": "Can change post", "content_type": 27, "codename": "change_post"}}, {"model": "auth.permission", "pk": 107, "fields": {"name": "Can delete post", "content_type": 27, "codename": "delete_post"}}, {"model": "auth.permission", "pk": 108, "fields": {"name": "Can view post", "content_type": 27, "codename": "view_post"}}, {"model": "auth.permission", "pk": 109, "fields": {"name": "Can add user", "content_type": 28, "codename": "add_customuser"}}, {"model": "auth.permission", "pk": 110, "fields": {"name": "Can change user", "content_type": 28, "codename": "change_customuser"}}, {"model": "auth.permission", "pk": 111, "fields": {"name": "Can delete user", "content_type": 28, "codename": "delete_customuser"}}, {"model": "auth.permission", "pk": 112, "fields": {"name": "Can view user", "content_type": 28, "codename": "view_customuser"}}, {"model": "auth.permission", "pk": 113, "fields": {"name": "Can add log entry", "content_type": 29, "codename": "add_logentry"}}, {"model": "auth.permission", "pk": 114, "fields": {"name": "Can change log entry", "content_type": 29, "codename": "change_logentry"}}, {"model": "auth.permission", "pk": 115, "fields": {"name": "Can delete log entry", "content_type": 29, "codename": "delete_logentry"}}, {"model": "auth.permission", "pk": 116, "fields": {"name": "Can view log entry", "content_type": 29, "codename": "view_logentry"}}, {"model": "auth.permission", "pk": 117, "fields": {"name": "Can add permission", "content_type": 30, "codename": "add_permission"}}, {"model": "auth.permission", "pk": 118, "fields": {"name": "Can change permission", "content_type": 30, "codename": "change_permission"}}, {"model": "auth.permission", "pk": 119, "fields": {"name": "Can delete permission", "content_type": 30, "codename": "delete_permission"}}, {"model": "auth.permission", "pk": 120, "fields": {"name": "Can view permission", "content_type": 30, "codename": "view_permission"}}, {"model": "auth.permission", "pk": 121, "fields": {"name": "Can add group", "content_type": 31, "codename": "add_group"}}, {"model": "auth.permission", "pk": 122, "fields": {"name": "Can change group", "content_type": 31, "codename": "change_group"}}, {"model": "auth.permission", "pk": 123, "fields": {"name": "Can delete group", "content_type": 31, "codename": "delete_group"}}, {"model": "auth.permission", "pk": 124, "fields": {"name": "Can view group", "content_type": 31, "codename": "view_group"}}, {"model": "auth.permission", "pk": 125, "fields": {"name": "Can add content type", "content_type": 32, "codename": "add_contenttype"}}, {"model": "auth.permission", "pk": 126, "fields": {"name": "Can change content type", "content_type": 32, "codename": "change_contenttype"}}, {"model": "auth.permission", "pk": 127, "fields": {"name": "Can delete content type", "content_type": 32, "codename": "delete_contenttype"}}, {"model": "auth.permission", "pk": 128, "fields": {"name": "Can view content type", "content_type": 32, "codename": "view_contenttype"}}, {"model": "auth.permission", "pk": 129, "fields": {"name": "Can add session", "content_type": 33, "codename": "add_session"}}, {"model": "auth.permission", "pk": 130, "fields": {"name": "Can change session", "content_type": 33, "codename": "change_session"}}, {"model": "auth.permission", "pk": 131, "fields": {"name": "Can delete session", "content_type": 33, "codename": "delete_session"}}, {"model": "auth.permission", "pk": 132, "fields": {"name": "Can view session", "content_type": 33, "codename": "view_session"}}, {"model": "auth.permission", "pk": 133, "fields": {"name": "Can add site", "content_type": 34, "codename": "add_site"}}, {"model": "auth.permission", "pk": 134, "fields": {"name": "Can change site", "content_type": 34, "codename": "change_site"}}, {"model": "auth.permission", "pk": 135, "fields": {"name": "Can delete site", "content_type": 34, "codename": "delete_site"}}, {"model": "auth.permission", "pk": 136, "fields": {"name": "Can view site", "content_type": 34, "codename": "view_site"}}, {"model": "auth.permission", "pk": 137, "fields": {"name": "Can add Token", "content_type": 35, "codename": "add_token"}}, {"model": "auth.permission", "pk": 138, "fields": {"name": "Can change Token", "content_type": 35, "codename": "change_token"}}, {"model": "auth.permission", "pk": 139, "fields": {"name": "Can delete Token", "content_type": 35, "codename": "delete_token"}}, {"model": "auth.permission", "pk": 140, "fields": {"name": "Can view Token", "content_type": 35, "codename": "view_token"}}, {"model": "auth.permission", "pk": 141, "fields": {"name": "Can add Token", "content_type": 36, "codename": "add_tokenproxy"}}, {"model": "auth.permission", "pk": 142, "fields": {"name": "Can change Token", "content_type": 36, "codename": "change_tokenproxy"}}, {"model": "auth.permission", "pk": 143, "fields": {"name": "Can delete Token", "content_type": 36, "codename": "delete_tokenproxy"}}, {"model": "auth.permission", "pk": 144, "fields": {"name": "Can view Token", "content_type": 36, "codename": "view_tokenproxy"}}, {"model": "auth.permission", "pk": 145, "fields": {"name": "Can add tag", "content_type": 37, "codename": "add_tag"}}, {"model": "auth.permission", "pk": 146, "fields": {"name": "Can change tag", "content_type": 37, "codename": "change_tag"}}, {"model": "auth.permission", "pk": 147, "fields": {"name": "Can delete tag", "content_type": 37, "codename": "delete_tag"}}, {"model": "auth.permission", "pk": 148, "fields": {"name": "Can view tag", "content_type": 37, "codename": "view_tag"}}, {"model": "auth.permission", "pk": 149, "fields": {"name": "Can add tagged item", "content_type": 38, "codename": "add_taggeditem"}}, {"model": "auth.permission", "pk": 150, "fields": {"name": "Can change tagged item", "content_type": 38, "codename": "change_taggeditem"}}, {"model": "auth.permission", "pk": 151, "fields": {"name": "Can delete tagged item", "content_type": 38, "codename": "delete_taggeditem"}}, {"model": "auth.permission", "pk": 152, "fields": {"name": "Can view tagged item", "content_type": 38, "codename": "view_taggeditem"}}, {"model": "contenttypes.contenttype", "pk": 1, "fields": {"app_label": "catalog", "model": "accelerationto"}}, {"model": "contenttypes.contenttype", "pk": 2, "fields": {"app_label": "catalog", "model": "architecturebattery"}}, {"model": "contenttypes.contenttype", "pk": 3, "fields": {"app_label": "catalog", "model": "batterytype"}}, {"model": "contenttypes.contenttype", "pk": 4, "fields": {"app_label": "catalog", "model": "carbody"}}, {"model": "contenttypes.contenttype", "pk": 5, "fields": {"app_label": "catalog", "model": "cathode"}}, {"model": "contenttypes.contenttype", "pk": 6, "fields": {"app_label": "catalog", "model": "dimensionsweight"}}, {"model": "contenttypes.contenttype", "pk": 7, "fields": {"app_label": "catalog", "model": "drive"}}, {"model": "contenttypes.contenttype", "pk": 8, "fields": {"app_label": "catalog", "model": "imagecar"}}, {"model": "contenttypes.contenttype", "pk": 9, "fields": {"app_label": "catalog", "model": "manufacturer"}}, {"model": "contenttypes.contenttype", "pk": 10, "fields": {"app_label": "catalog", "model": "nominalvoltage"}}, {"model": "contenttypes.contenttype", "pk": 11, "fields": {"app_label": "catalog", "model": "packconfiguration"}}, {"model": "contenttypes.contenttype", "pk": 12, "fields": {"app_label": "catalog", "model": "platform"}}, {"model": "contenttypes.contenttype", "pk": 13, "fields": {"app_label": "catalog", "model": "portcharge"}}, {"model": "contenttypes.contenttype", "pk": 14, "fields": {"app_label": "catalog", "model": "portlocation"}}, {"model": "contenttypes.contenttype", "pk": 15, "fields": {"app_label": "catalog", "model": "rangeestimation"}}, {"model": "contenttypes.contenttype", "pk": 16, "fields": {"app_label": "catalog", "model": "segment"}}, {"model": "contenttypes.contenttype", "pk": 17, "fields": {"app_label": "catalog", "model": "typeelectric"}}, {"model": "contenttypes.contenttype", "pk": 18, "fields": {"app_label": "catalog", "model": "videourlyoutube"}}, {"model": "contenttypes.contenttype", "pk": 19, "fields": {"app_label": "catalog", "model": "battery"}}, {"model": "contenttypes.contenttype", "pk": 20, "fields": {"app_label": "catalog", "model": "miscellaneous"}}, {"model": "contenttypes.contenttype", "pk": 21, "fields": {"app_label": "catalog", "model": "performance"}}, {"model": "contenttypes.contenttype", "pk": 22, "fields": {"app_label": "catalog", "model": "charging"}}, {"model": "contenttypes.contenttype", "pk": 23, "fields": {"app_label": "catalog", "model": "car"}}, {"model": "contenttypes.contenttype", "pk": 24, "fields": {"app_label": "blog", "model": "autor"}}, {"model": "contenttypes.contenttype", "pk": 25, "fields": {"app_label": "blog", "model": "category"}}, {"model": "contenttypes.contenttype", "pk": 26, "fields": {"app_label": "blog", "model": "tags"}}, {"model": "contenttypes.contenttype", "pk": 27, "fields": {"app_label": "blog", "model": "post"}}, {"model": "contenttypes.contenttype", "pk": 28, "fields": {"app_label": "users", "model": "customuser"}}, {"model": "contenttypes.contenttype", "pk": 29, "fields": {"app_label": "admin", "model": "logentry"}}, {"model": "contenttypes.contenttype", "pk": 30, "fields": {"app_label": "auth", "model": "permission"}}, {"model": "contenttypes.contenttype", "pk": 31, "fields": {"app_label": "auth", "model": "group"}}, {"model": "contenttypes.contenttype", "pk": 32, "fields": {"app_label": "contenttypes", "model": "contenttype"}}, {"model": "contenttypes.contenttype", "pk": 33, "fields": {"app_label": "sessions", "model": "session"}}, {"model": "contenttypes.contenttype", "pk": 34, "fields": {"app_label": "sites", "model": "site"}}, {"model": "contenttypes.contenttype", "pk": 35, "fields": {"app_label": "authtoken", "model": "token"}}, {"model": "contenttypes.contenttype", "pk": 36, "fields": {"app_label": "authtoken", "model": "tokenproxy"}}, {"model": "contenttypes.contenttype", "pk": 37, "fields": {"app_label": "taggit", "model": "tag"}}, {"model": "contenttypes.contenttype", "pk": 38, "fields": {"app_label": "taggit", "model": "taggeditem"}}, {"model": "sites.site", "pk": 1, "fields": {"domain": "example.com", "name": "example.com"}}]